ID_Venta,ID_Producto,Departamento,Descripcion,Cantidad,Precio_Unitario,Subtotal,Fecha,Medio
VTA-0000001,7750082416178,UTILES,MICA A4 ARTESCO,4,1.0,4.0,2026-03-15,YAPE
VTA-0000001,DFF-COP-DNIBN,FOTOCOPIADORA,FOTOCOPIA DNI BLANCO Y NEGRO,1,5.4,5.4,2026-03-15,YAPE
VTA-0000002,,UTILES,SIN DESCRIPCION,1,1.2,1.2,2026-03-15,EFECTIVO
VTA-0000003,DFF-IMP-A4BN,FOTOCOPIADORA,IMPRESION A4 BLANCO Y NEGRO,3,1.0,3.0,2026-03-15,EFECTIVO
VTA-0000003,DFF-IMP-A4CL,FOTOCOPIADORA,IMPRESION A4 A COLOR,14,0.5,7.0,2026-03-15,EFECTIVO
VTA-0000004,DFF-COP-A4BN,FOTOCOPIADORA,FOTOCOPIA A4 A BLANCO Y NEGRO,245,0.08,19.6,2026-03-15,EFECTIVO
VTA-0000005,PAPE-TRI-REG,UTILES,PAPELOTE TRIPLE RENGLON,3,0.6,1.8,2026-03-16,YAPE
VTA-0000006,HOJA-COLORES,UTILES,HOJA DE COLORES,3,0.5,1.5,2026-03-16,EFECTIVO
VTA-0000007,DFF-IMP-A4CL,FOTOCOPIADORA,IMPRESION A4 A COLOR,1,1.0,1.0,2026-03-16,EFECTIVO
VTA-0000008,DFF-COP-A4BN,FOTOCOPIADORA,FOTOCOPIA A4 A BLANCO Y NEGRO,6,0.1,0.6,2026-03-16,EFECTIVO
VTA-0000009,DFF-COP-A4BN,FOTOCOPIADORA,FOTOCOPIA A4 A BLANCO Y NEGRO,16,0.1,1.6,2026-03-16,EFECTIVO
VTA-0000010,DFF-COP-A4BN,FOTOCOPIADORA,FOTOCOPIA A4 A BLANCO Y NEGRO,23,0.1,2.3,2026-03-16,EFECTIVO
VTA-0000011,DFF-IMP-A4CL,FOTOCOPIADORA,IMPRESION A4 A COLOR,11,1.0,11.0,2026-03-16,EFECTIVO
VTA-0000012,DFF-IMP-A4BN,FOTOCOPIADORA,IMPRESION A4 BLANCO Y NEGRO,11,0.5,5.5,2026-03-16,YAPE
VTA-0000012,DFF-IMP-A4CL,FOTOCOPIADORA,IMPRESION A4 A COLOR,5,1.0,5.0,2026-03-16,YAPE
VTA-0000013,DFF-COP-A4BN,FOTOCOPIADORA,FOTOCOPIA A4 A BLANCO Y NEGRO,11,0.1,1.1,2026-03-17,YAPE
VTA-0000014,DFF-PRODUCTO-ESTANDAR,UTILES,PRODUCTO NN,1,1.0,1.0,2026-03-17,EFECTIVO
VTA-0000015,DFF-COP-A4BN,FOTOCOPIADORA,FOTOCOPIA A4 A BLANCO Y NEGRO,24,0.1,2.4,2026-03-17,EFECTIVO
VTA-0000016,DFF-IMP-A4CL,FOTOCOPIADORA,IMPRESION A4 A COLOR,1,1.0,1.0,2026-03-17,EFECTIVO
VTA-0000017,3013017958285,UTILES,TIJERAS ECONOMICAS YIMI,1,1.5,1.5,2026-03-17,EFECTIVO
VTA-0000018,DFF-COP-A4BN,FOTOCOPIADORA,FOTOCOPIA A4 A BLANCO Y NEGRO,1,0.1,0.1,2026-03-17,EFECTIVO
VTA-0000019,DFF-IMP-A4CL,FOTOCOPIADORA,IMPRESION A4 A COLOR,1,0.8,0.8,2026-03-17,EFECTIVO
VTA-0000020,DFF-COP-A4BN,FOTOCOPIADORA,FOTOCOPIA A4 A BLANCO Y NEGRO,3,0.1,0.3,2026-03-17,EFECTIVO
VTA-0000021,DFF-COP-A4BN,FOTOCOPIADORA,FOTOCOPIA A4 A BLANCO Y NEGRO,52,0.08,4.2,2026-03-17,YAPE
VTA-0000021,DFF-IMP-A4BN,FOTOCOPIADORA,IMPRESION A4 BLANCO Y NEGRO,3,0.5,1.5,2026-03-17,YAPE
VTA-0000022,DFF-IMP-A4CL,FOTOCOPIADORA,IMPRESION A4 A COLOR,2,1.0,2.0,2026-03-17,EFECTIVO
VTA-0000023,3013010065560,UTILES,PAPEL CREPE AMARILLO,2,1.0,2.0,2026-03-17,EFECTIVO
VTA-0000023,3013010065676,UTILES,PAPEL CREPE COLOR AZUL,1,1.0,1.0,2026-03-17,EFECTIVO
VTA-0000024,DFF-0000000030,UTILES,CARTULINA BLANCA,1,1.0,1.0,2026-03-17,EFECTIVO
VTA-0000025,HOJA-COLORES,UTILES,HOJA DE COLORES,4,0.2,0.8,2026-03-17,YAPE
VTA-0000026,7755354016070,UTILES,CUADERNO ALPHA 1X1 A4,1,6.5,6.5,2026-03-17,EFECTIVO
VTA-0000027,DFF-COP-A4BN,FOTOCOPIADORA,FOTOCOPIA A4 A BLANCO Y NEGRO,384,0.08,30.7,2026-03-17,EFECTIVO
VTA-0000028,7750082416109,UTILES,CAJA DE 1000 GRAPAS ARTESCO 26/6,1,3.0,3.0,2026-03-17,EFECTIVO
VTA-0000029,7750082003736,UTILES,GOMA LÍQUIDA ARTESCO MEDIANA,1,2.5,2.5,2026-03-18,EFECTIVO
VTA-0000030,HOJA-COLORES,UTILES,HOJA DE COLORES,9,0.2,1.8,2026-03-18,EFECTIVO
VTA-0000031,2050000117152,UTILES,CINTA EMBALAJE ECONOMICA,1,1.5,1.5,2026-03-18,YAPE
VTA-0000032,HOJA-COLORES,UTILES,HOJA DE COLORES,4,0.2,0.8,2026-03-18,EFECTIVO
VTA-0000033,DFF-COP-A4BN,FOTOCOPIADORA,FOTOCOPIA A4 A BLANCO Y NEGRO,15,0.1,1.5,2026-03-18,EFECTIVO
VTA-0000034,7750082003712,UTILES,LIMPIATIPOS ARTESCO,1,3.0,3.0,2026-03-18,EFECTIVO
VTA-0000034,7750737360665,UTILES,FOLDER MANILA NATURAL A4,1,1.0,1.0,2026-03-18,EFECTIVO
VTA-0000035,DFF-COP-A4BN,FOTOCOPIADORA,FOTOCOPIA A4 A BLANCO Y NEGRO,3,0.1,0.3,2026-03-18,EFECTIVO
VTA-0000036,DFF-COP-A4BN,FOTOCOPIADORA,FOTOCOPIA A4 A BLANCO Y NEGRO,4,0.1,0.4,2026-03-18,EFECTIVO
VTA-0000037,7754111018333,UTILES,PLUMON PIZARRA AZUL FABERCASTELL,1,2.5,2.5,2026-03-18,EFECTIVO
VTA-0000037,7754111032162,UTILES,PLUMON PIZARRA ROJO FABERCASTELL,1,2.5,2.5,2026-03-18,EFECTIVO
VTA-0000038,DFF-COP-A4BN,FOTOCOPIADORA,FOTOCOPIA A4 A BLANCO Y NEGRO,58,0.1,5.8,2026-03-18,EFECTIVO
VTA-0000039,DFF-0000000072,UTILES,PAPEL LUSTRE TURQUESA,1,0.6,0.6,2026-03-18,YAPE
VTA-0000040,DFF-IMP-A4CL,FOTOCOPIADORA,IMPRESION A4 A COLOR,1,1.0,1.0,2026-03-18,EFECTIVO
VTA-0000040,DFF-COP-A4CL,FOTOCOPIADORA,FOTOCOPIA A4 A COLOR,3,0.5,1.5,2026-03-18,EFECTIVO
VTA-0000041,DFF-0000000072,UTILES,PAPEL LUSTRE TURQUESA,1,0.6,0.6,2026-03-18,EFECTIVO
VTA-0000042,7754111131070,UTILES,CAJA DE TEMPERAS FABERCASTELL,1,9.0,9.0,2026-03-18,EFECTIVO
VTA-0000042,DFF-0000000092,UTILES,PINCEL NUMERO 10,1,2.0,2.0,2026-03-18,EFECTIVO
VTA-0000042,DFF-0000000100,UTILES,PINCEL NUMERO 2,1,1.5,1.5,2026-03-18,EFECTIVO
VTA-0000042,DFF-0000000091,UTILES,PALETA,1,2.0,2.0,2026-03-18,EFECTIVO
VTA-0000043,DFF-0000000094,UTILES,PINCEL NUMERO 8,1,2.0,2.0,2026-03-18,YAPE
VTA-0000043,DFF-0000000100,UTILES,PINCEL NUMERO 2,1,1.5,1.5,2026-03-18,YAPE
VTA-0000043,DFF-0000000091,UTILES,PALETA,1,2.0,2.0,2026-03-18,YAPE
VTA-0000044,7750082006157,UTILES,SILICONA LIQUIDA GRANDE ARTESCO 250ML,1,8.0,8.0,2026-03-18,EFECTIVO
VTA-0000045,7754111002905,UTILES,PLUMONES DELGADOS FABERCASTELL,1,8.0,8.0,2026-03-18,YAPE
VTA-0000046,7754807771344,UTILES,SET DE PLUMONES GRUESOS VINIFAN,1,9.0,9.0,2026-03-18,EFECTIVO
VTA-0000046,2050000398735,UTILES,LAPICERO OVE ECONOMICO ROJO,2,1.0,2.0,2026-03-18,EFECTIVO
VTA-0000046,2050000398704,UTILES,LAPICERO OVE ECONOMICO NEGRO,2,1.0,2.0,2026-03-18,EFECTIVO
VTA-0000046,2050000398674,UTILES,LAPICERO OVE ECONOMICO AZUL,2,1.0,2.0,2026-03-18,EFECTIVO
VTA-0000046,7750082007536,UTILES,GOMA EN BARRA MEDIANO ARTESCO,1,3.0,3.0,2026-03-18,EFECTIVO
VTA-0000046,7750082073838,UTILES,INDELEBLE DELGADO ARTESCO,1,4.0,4.0,2026-03-18,EFECTIVO
VTA-0000046,7750082208865,UTILES,CORRECTOR ARTESCO,1,3.0,3.0,2026-03-18,EFECTIVO
VTA-0000046,7750082003606,UTILES,CHEQUEO ROJO ARTESCO,1,1.0,1.0,2026-03-18,EFECTIVO
VTA-0000046,7754111016094,UTILES,PLUMON PIZARRA VERDE FABERCASTELL,1,1.5,1.5,2026-03-18,EFECTIVO
VTA-0000046,7754111032162,UTILES,PLUMON PIZARRA ROJO FABERCASTELL,1,1.5,1.5,2026-03-18,EFECTIVO
VTA-0000046,7754111018333,UTILES,PLUMON PIZARRA AZUL FABERCASTELL,2,1.5,3.0,2026-03-18,EFECTIVO
VTA-0000046,7754111032285,UTILES,PLUMON PIZARRA NEGRO FABERCASTELL,1,1.5,1.5,2026-03-18,EFECTIVO
VTA-0000046,7754807762717,UTILES,CAJA DE COLORES VINIFAN,1,7.0,7.0,2026-03-18,EFECTIVO
VTA-0000046,7750082003712,UTILES,LIMPIATIPOS ARTESCO,1,3.0,3.0,2026-03-18,EFECTIVO
VTA-0000046,7750082006157,UTILES,SILICONA LIQUIDA GRANDE ARTESCO 250ML,1,8.0,8.0,2026-03-18,EFECTIVO
VTA-0000046,7750082003408,UTILES,GOMA LÍQUIDA ARTESCO GRANDE,1,5.0,5.0,2026-03-18,EFECTIVO
VTA-0000046,7751690300484,UTILES,CINTA EMBALAJE GRUESA SHURTAPE,2,5.0,10.0,2026-03-18,EFECTIVO
VTA-0000046,7751690115460,UTILES,CINTA MASKING TAPE SHURTAPE 2X15,2,4.0,8.0,2026-03-18,EFECTIVO
VTA-0000046,3013010065898,UTILES,PAPEL CREPE CELESTE,1,1.0,1.0,2026-03-18,EFECTIVO
VTA-0000046,3013010066444,UTILES,PAPEL CREPE ANARANJADO,1,1.0,1.0,2026-03-18,EFECTIVO
VTA-0000046,3013010066666,UTILES,PAPEL CREPE ROJO,1,1.0,1.0,2026-03-18,EFECTIVO
VTA-0000046,3013010065560,UTILES,PAPEL CREPE AMARILLO,1,1.0,1.0,2026-03-18,EFECTIVO
VTA-0000046,3013010067106,UTILES,PAPEL CREPE VERDE,1,1.0,1.0,2026-03-18,EFECTIVO
VTA-0000046,DFF-0000000073,UTILES,PAPELOTE CUADRICULADO,10,0.6,6.0,2026-03-18,EFECTIVO
VTA-0000046,DFF-0000000074,UTILES,PAPELOTE BLANCO,5,0.6,3.0,2026-03-18,EFECTIVO
VTA-0000046,DFF-0000000075,UTILES,PAPELOTE RAYADO,10,0.6,6.0,2026-03-18,EFECTIVO
VTA-0000046,7750049008453,UTILES,SKETCH BOOK SURCO,1,6.5,6.5,2026-03-18,EFECTIVO
VTA-0000046,HOJA-COLORES,UTILES,HOJA DE COLORES,100,0.08,8.0,2026-03-18,EFECTIVO
VTA-0000046,7750082207394,UTILES,REGLA DE 20 CM ARTESCO,1,1.2,1.2,2026-03-18,EFECTIVO
VTA-0000046,7750822012387,UTILES,CUADERNO RAYADO STANDFORD,5,6.5,32.5,2026-03-18,EFECTIVO
VTA-0000046,7750822012370,UTILES,CUADERNO STANDFORD CUADRICULADO A4 SIN STICKER,1,6.5,6.5,2026-03-18,EFECTIVO
VTA-0000046,PAPEL-BOND,UTILES,HOJA BOND A4 ATLAS,100,0.06,6.0,2026-03-18,EFECTIVO
VTA-0000046,DFF-0000000029,UTILES,PAPEL LUSTRE CON DISEÑO NORMAL,5,1.0,5.0,2026-03-18,EFECTIVO
VTA-0000046,7750082005570,UTILES,CAJA DE CHINCHE DORADO ARTESCO,1,2.0,2.0,2026-03-18,EFECTIVO
VTA-0000046,MOTA-ARTESCO,UTILES,MOTA ARTESCO,1,3.0,3.0,2026-03-18,EFECTIVO
VTA-0000046,DFF-0000000052,UTILES,CARTULINA CANSON AMARILLA,1,1.2,1.2,2026-03-18,EFECTIVO
VTA-0000046,DFF-0000000053,UTILES,CARTULINA CANSON ANARANJADA,2,1.2,2.4,2026-03-18,EFECTIVO
VTA-0000046,DFF-0000000060,UTILES,CARTULINA CANSON TURQUESA,1,1.2,1.2,2026-03-18,EFECTIVO
VTA-0000046,DFF-0000000054,UTILES,CARTULINA CANSON VERDE HOJA,1,1.2,1.2,2026-03-18,EFECTIVO
VTA-0000047,DFF-0000000097,UTILES,PINCEL NUMERO 5,2,1.5,3.0,2026-03-19,EFECTIVO
VTA-0000047,DFF-0000000077,UTILES,TEMPERA SUELTA,1,2.0,2.0,2026-03-19,EFECTIVO
VTA-0000048,DFF-0000000076,UTILES,TEMPERA APU,1,2.0,2.0,2026-03-19,EFECTIVO
VTA-0000049,7754111131070,UTILES,CAJA DE TEMPERAS FABERCASTELL,1,9.0,9.0,2026-03-19,EFECTIVO
VTA-0000050,7754807790925,UTILES,TAJADOR VINIFAN DOBLE PUNTA,1,2.5,2.5,2026-03-19,EFECTIVO
VTA-0000051,DFF-0000000078,UTILES,PINCEL ECONOMICO,3,1.0,3.0,2026-03-19,EFECTIVO
VTA-0000052,7754111131070,UTILES,CAJA DE TEMPERAS FABERCASTELL,1,9.0,9.0,2026-03-19,YAPE
VTA-0000053,DFF-0000000078,UTILES,PINCEL ECONOMICO,3,1.0,3.0,2026-03-19,YAPE
VTA-0000054,DFF-COP-A4BN,FOTOCOPIADORA,FOTOCOPIA A4 A BLANCO Y NEGRO,32,0.1,3.2,2026-03-19,EFECTIVO
VTA-0000055,DFF-COP-A4BN,FOTOCOPIADORA,FOTOCOPIA A4 A BLANCO Y NEGRO,4,0.1,0.4,2026-03-19,EFECTIVO
VTA-0000056,7754111131070,UTILES,CAJA DE TEMPERAS FABERCASTELL,1,9.0,9.0,2026-03-19,EFECTIVO
VTA-0000057,DFF-0000000078,UTILES,PINCEL ECONOMICO,3,1.0,3.0,2026-03-19,EFECTIVO
VTA-0000058,DFF-0000000091,UTILES,PALETA,1,2.5,2.5,2026-03-19,EFECTIVO
VTA-0000059,7754807020015,UTILES,VINIFAN OFICIO,1,12.0,12.0,2026-03-19,YAPE
VTA-0000060,2050000594175,UTILES,CINTA EMBALAJE YIMI,1,4.0,4.0,2026-03-19,EFECTIVO
VTA-0000061,DFF-COP-A4BN,FOTOCOPIADORA,FOTOCOPIA A4 A BLANCO Y NEGRO,275,0.08,22.0,2026-03-19,YAPE
VTA-0000062,7754111667029,UTILES,INDELEBLE DELGADO FABERCASTELL,1,4.0,4.0,2026-03-20,EFECTIVO
VTA-0000063,7754111015707,UTILES,PLUMON ROJO GRUESO DE PAPEL FABER CASTELL WINNER 47,1,2.0,2.0,2026-03-20,EFECTIVO
VTA-0000064,DFF-IMP-A4CL,FOTOCOPIADORA,IMPRESION A4 A COLOR,1,1.0,1.0,2026-03-20,EFECTIVO
VTA-0000064,DFF-IMP-A4BN,FOTOCOPIADORA,IMPRESION A4 BLANCO Y NEGRO,1,0.5,0.5,2026-03-20,EFECTIVO
VTA-0000065,DFF-COP-A4BN,FOTOCOPIADORA,FOTOCOPIA A4 A BLANCO Y NEGRO,68,0.1,6.8,2026-03-20,EFECTIVO
VTA-0000066,DFF-IMP-A4CL,FOTOCOPIADORA,IMPRESION A4 A COLOR,1,1.0,1.0,2026-03-20,EFECTIVO
VTA-0000067,DFF-IMP-A4CL,FOTOCOPIADORA,IMPRESION A4 A COLOR,2,1.0,2.0,2026-03-20,YAPE
VTA-0000068,7750822012844,UTILES,CUADERNO STANDFORD TRIPLE RENGLON SOMBREADO A4 SIN STICKER,1,6.5,6.5,2026-03-20,YAPE
VTA-0000069,7750737360665,UTILES,FOLDER MANILA NATURAL A4,1,1.0,1.0,2026-03-20,YAPE
VTA-0000069,7750082015371,UTILES,FASTER ARTESCO DE METAL,1,0.5,0.5,2026-03-20,YAPE
VTA-0000070,7750822012370,UTILES,CUADERNO STANDFORD CUADRICULADO A4 SIN STICKER,1,6.5,6.5,2026-03-20,EFECTIVO
VTA-0000071,7750082207394,UTILES,REGLA DE 20 CM ARTESCO,1,1.0,1.0,2026-03-20,EFECTIVO
VTA-0000072,DFF-0000000070,UTILES,PAPEL LUSTRE AMARILLO,1,0.6,0.6,2026-03-22,EFECTIVO
VTA-0000072,DFF-0000000009,UTILES,REGLA RECTANGULAR CON LETRAS,1,1.0,1.0,2026-03-22,EFECTIVO
VTA-0000073,DFF-COP-A4BN,FOTOCOPIADORA,FOTOCOPIA A4 A BLANCO Y NEGRO,262,0.08,21.0,2026-03-22,EFECTIVO
VTA-0000074,DFF-0000000077,UTILES,TEMPERA SUELTA,1,1.8,1.8,2026-03-23,EFECTIVO
VTA-0000074,DFF-0000000030,UTILES,CARTULINA BLANCA,1,1.0,1.0,2026-03-23,EFECTIVO
VTA-0000075,DFF-0000000030,UTILES,CARTULINA BLANCA,1,1.0,1.0,2026-03-23,YAPE
VTA-0000076,DFF-0000000079,UTILES,LUPA GRANDE,1,5.0,5.0,2026-03-23,EFECTIVO
VTA-0000077,HOJA-COLORES,UTILES,HOJA DE COLORES,6,0.2,1.2,2026-03-23,EFECTIVO
VTA-0000077,DFF-0000000080,UTILES,CARTULINA A4,2,0.5,1.0,2026-03-23,EFECTIVO
VTA-0000077,7750082006133,UTILES,SILICONA LIQUIDA PEQUEÑA ARTESCO 30ML,1,2.0,2.0,2026-03-23,EFECTIVO
VTA-0000078,7891360679189,UTILES,CAJA DE COLORES FABERCASTELL,1,8.0,8.0,2026-03-23,EFECTIVO
VTA-0000079,DFF-0000000076,UTILES,TEMPERA APU,1,2.0,2.0,2026-03-23,YAPE
VTA-0000079,DFF-0000000030,UTILES,CARTULINA BLANCA,1,1.0,1.0,2026-03-23,YAPE
VTA-0000080,DFF-0000000030,UTILES,CARTULINA BLANCA,1,1.0,1.0,2026-03-23,YAPE
VTA-0000081,DFF-0000000066,UTILES,CARTULINA CANSON MARRON,1,1.0,1.0,2026-03-23,YAPE
VTA-0000081,DFF-0000000030,UTILES,CARTULINA BLANCA,1,1.0,1.0,2026-03-23,YAPE
VTA-0000081,HOJA-COLORES,UTILES,HOJA DE COLORES,6,0.2,1.2,2026-03-23,YAPE
VTA-0000081,7750082006133,UTILES,SILICONA LIQUIDA PEQUEÑA ARTESCO 30ML,1,2.0,2.0,2026-03-23,YAPE
VTA-0000082,DFF-IMP-A4BN,FOTOCOPIADORA,IMPRESION A4 BLANCO Y NEGRO,21,0.5,10.5,2026-03-23,YAPE
VTA-0000083,7750082416178,UTILES,MICA A4 ARTESCO,1,1.0,1.0,2026-03-23,EFECTIVO
VTA-0000084,DFF-COP-A4BN,FOTOCOPIADORA,FOTOCOPIA A4 A BLANCO Y NEGRO,44,0.08,3.5,2026-03-23,EFECTIVO
VTA-0000085,DFF-0000000081,UTILES,LENTEJUELAS GRANDES,1,1.0,1.0,2026-03-23,EFECTIVO
VTA-0000086,DFF-0000000082,UTILES,LENTEJUELAS PEQUEÑAS,2,0.5,1.0,2026-03-23,EFECTIVO
VTA-0000087,7750082003736,UTILES,GOMA LÍQUIDA ARTESCO MEDIANA,1,2.5,2.5,2026-03-23,YAPE
VTA-0000088,DFF-IMP-A4CL,FOTOCOPIADORA,IMPRESION A4 A COLOR,9,1.0,9.0,2026-03-23,YAPE
VTA-0000089,HOJA-COLORES,UTILES,HOJA DE COLORES,3,0.2,0.6,2026-03-24,YAPE
VTA-0000089,7750082003736,UTILES,GOMA LÍQUIDA ARTESCO MEDIANA,1,2.5,2.5,2026-03-24,YAPE
VTA-0000090,DFF-0000000079,UTILES,LUPA GRANDE,1,5.0,5.0,2026-03-24,EFECTIVO
VTA-0000091,DFF-0000000079,UTILES,LUPA GRANDE,1,5.0,5.0,2026-03-24,EFECTIVO
VTA-0000092,DFF-0000000080,UTILES,CARTULINA A4,1,0.5,0.5,2026-03-24,EFECTIVO
VTA-0000092,7754807720137,UTILES,SILICONA LIQUIDA PEQUEÑA VINIFAN 30 ML,1,2.0,2.0,2026-03-24,EFECTIVO
VTA-0000092,HOJA-COLORES,UTILES,HOJA DE COLORES,6,0.2,1.2,2026-03-24,EFECTIVO
VTA-0000092,PAPEL-BOND,UTILES,HOJA BOND A4 ATLAS,8,0.1,0.8,2026-03-24,EFECTIVO
VTA-0000093,DFF-0000000080,UTILES,CARTULINA A4,1,0.5,0.5,2026-03-24,EFECTIVO
VTA-0000093,PAPEL-BOND,UTILES,HOJA BOND A4 ATLAS,8,0.1,0.8,2026-03-24,EFECTIVO
VTA-0000093,HOJA-COLORES,UTILES,HOJA DE COLORES,6,0.2,1.2,2026-03-24,EFECTIVO
VTA-0000094,DFF-COP-A4CL,FOTOCOPIADORA,FOTOCOPIA A4 A COLOR,10,0.4,4.0,2026-03-24,EFECTIVO
VTA-0000095,DFF-COP-A4BN,FOTOCOPIADORA,FOTOCOPIA A4 A BLANCO Y NEGRO,40,0.08,3.2,2026-03-24,EFECTIVO
VTA-0000096,DFF-COP-A4BN,FOTOCOPIADORA,FOTOCOPIA A4 A BLANCO Y NEGRO,26,0.08,2.1,2026-03-24,YAPE
VTA-0000097,DFF-COP-A4BN,FOTOCOPIADORA,FOTOCOPIA A4 A BLANCO Y NEGRO,25,0.08,2.0,2026-03-24,EFECTIVO
VTA-0000098,DFF-IMP-A4BN,FOTOCOPIADORA,IMPRESION A4 BLANCO Y NEGRO,14,0.5,7.0,2026-03-24,EFECTIVO
VTA-0000098,DFF-COP-A4BN,FOTOCOPIADORA,FOTOCOPIA A4 A BLANCO Y NEGRO,1,0.1,0.1,2026-03-24,EFECTIVO
VTA-0000098,DFF-TIPEO,UTILES,TIPEO PERSONALIZADO,1,0.5,0.5,2026-03-24,EFECTIVO
VTA-0000098,DFF-IMP-A4CL,FOTOCOPIADORA,IMPRESION A4 A COLOR,1,0.5,0.5,2026-03-24,EFECTIVO
VTA-0000099,DFF-IMP-A4CL,FOTOCOPIADORA,IMPRESION A4 A COLOR,1,0.5,0.5,2026-03-24,EFECTIVO
VTA-0000100,DFF-0000000100,UTILES,PINCEL NUMERO 2,1,1.0,1.0,2026-03-25,EFECTIVO
VTA-0000100,DFF-0000000092,UTILES,PINCEL NUMERO 10,1,2.0,2.0,2026-03-25,EFECTIVO
VTA-0000100,DFF-0000000030,UTILES,CARTULINA BLANCA,1,1.0,1.0,2026-03-25,EFECTIVO
VTA-0000101,DFF-0000000080,UTILES,CARTULINA A4,1,1.0,1.0,2026-03-25,EFECTIVO
VTA-0000102,DFF-0000000080,UTILES,CARTULINA A4,1,0.5,0.5,2026-03-25,EFECTIVO
VTA-0000103,DFF-0000000080,UTILES,CARTULINA A4,2,0.5,1.0,2026-03-25,EFECTIVO
VTA-0000103,HOJA-COLORES,UTILES,HOJA DE COLORES,10,0.2,2.0,2026-03-25,EFECTIVO
VTA-0000104,DFF-0000000080,UTILES,CARTULINA A4,2,0.5,1.0,2026-03-25,EFECTIVO
VTA-0000104,HOJA-COLORES,UTILES,HOJA DE COLORES,6,0.2,1.2,2026-03-25,EFECTIVO
VTA-0000104,7750082006133,UTILES,SILICONA LIQUIDA PEQUEÑA ARTESCO 30ML,1,2.0,2.0,2026-03-25,EFECTIVO
VTA-0000105,DFF-COP-A4BN,FOTOCOPIADORA,FOTOCOPIA A4 A BLANCO Y NEGRO,51,0.08,4.1,2026-03-25,EFECTIVO
VTA-0000106,DFF-COP-A4BN,FOTOCOPIADORA,FOTOCOPIA A4 A BLANCO Y NEGRO,24,0.08,1.9,2026-03-25,EFECTIVO
VTA-0000107,DFF-0000000030,UTILES,CARTULINA BLANCA,1,1.0,1.0,2026-03-25,EFECTIVO
VTA-0000108,DFF-IMP-A4CL,FOTOCOPIADORA,IMPRESION A4 A COLOR,1,1.0,1.0,2026-03-25,EFECTIVO
VTA-0000109,DFF-IMP-A4BN,FOTOCOPIADORA,IMPRESION A4 BLANCO Y NEGRO,1,0.5,0.5,2026-03-25,EFECTIVO
VTA-0000109,DFF-IMP-A4CL,FOTOCOPIADORA,IMPRESION A4 A COLOR,10,1.0,10.0,2026-03-25,EFECTIVO
VTA-0000110,DFF-COP-A4BN,FOTOCOPIADORA,FOTOCOPIA A4 A BLANCO Y NEGRO,251,0.08,20.1,2026-03-25,EFECTIVO
VTA-0000111,DFF-0000000030,UTILES,CARTULINA BLANCA,2,1.0,2.0,2026-03-26,EFECTIVO
VTA-0000112,PAPEL-BOND,UTILES,HOJA BOND A4 ATLAS,5,0.1,0.5,2026-03-26,EFECTIVO
VTA-0000113,HOJA-COLORES,UTILES,HOJA DE COLORES,10,0.2,2.0,2026-03-26,EFECTIVO
VTA-0000114,DFF-0000000075,UTILES,PAPELOTE RAYADO,1,0.6,0.6,2026-03-26,YAPE
VTA-0000114,,UTILES,PAPELOTE BLANCO,1,0.6,0.6,2026-03-26,YAPE
VTA-0000115,DFF-0000000030,UTILES,CARTULINA BLANCA,1,1.0,1.0,2026-03-26,YAPE
VTA-0000116,DFF-COP-DNIBN,FOTOCOPIADORA,FOTOCOPIA DNI BLANCO Y NEGRO,2,0.3,0.6,2026-03-26,EFECTIVO
VTA-0000117,7750082416178,UTILES,MICA A4 ARTESCO,1,1.0,1.0,2026-03-26,EFECTIVO
VTA-0000118,DFF-LAMINA,UTILES,LAMINAS,2,1.0,2.0,2026-03-26,EFECTIVO
VTA-0000119,DFF-IMP-A4BN,FOTOCOPIADORA,IMPRESION A4 BLANCO Y NEGRO,1,0.5,0.5,2026-03-26,EFECTIVO
VTA-0000120,7750082006157,UTILES,SILICONA LIQUIDA GRANDE ARTESCO 250ML,1,8.0,8.0,2026-03-26,YAPE
VTA-0000121,DFF-COP-A4BN,FOTOCOPIADORA,FOTOCOPIA A4 A BLANCO Y NEGRO,41,0.08,3.3,2026-03-26,EFECTIVO
VTA-0000122,DFF-0000000030,UTILES,CARTULINA BLANCA,1,1.0,1.0,2026-03-26,EFECTIVO
VTA-0000123,DFF-0000000030,UTILES,CARTULINA BLANCA,1,1.0,1.0,2026-03-26,EFECTIVO
VTA-0000124,DFF-0000000030,UTILES,CARTULINA BLANCA,1,1.0,1.0,2026-03-26,EFECTIVO
VTA-0000125,DFF-IMP-A4CL,FOTOCOPIADORA,IMPRESION A4 A COLOR,14,1.0,14.0,2026-03-26,EFECTIVO
VTA-0000126,DFF-COP-A4BN,FOTOCOPIADORA,FOTOCOPIA A4 A BLANCO Y NEGRO,403,0.08,32.2,2026-03-26,EFECTIVO
VTA-0000127,DFF-0000000073,UTILES,PAPELOTE BLANCO,1,0.6,0.6,2026-03-26,YAPE
VTA-0000127,DFF-0000000073,UTILES,PAPELOTE CUADRICULADO,1,0.6,0.6,2026-03-26,YAPE
VTA-0000127,DFF-IMP-A4BN,FOTOCOPIADORA,IMPRESION A4 BLANCO Y NEGRO,214,0.5,107.0,2026-03-26,YAPE
VTA-0000127,DFF-COP-A4BN,FOTOCOPIADORA,FOTOCOPIA A4 A BLANCO Y NEGRO,9,0.08,0.7,2026-03-26,YAPE
VTA-0000128,7754807720137,UTILES,SILICONA LIQUIDA PEQUEÑA VINIFAN 30 ML,1,2.0,2.0,2026-03-26,EFECTIVO
VTA-0000129,DFF-0000000080,UTILES,CARTULINA A4,1,0.5,0.5,2026-03-27,EFECTIVO
VTA-0000129,HOJA-COLORES,UTILES,HOJA DE COLORES,5,0.2,1.0,2026-03-27,EFECTIVO
VTA-0000130,DFF-0000000080,UTILES,CARTULINA A4,1,0.5,0.5,2026-03-27,EFECTIVO
VTA-0000130,PAPEL-BOND,UTILES,HOJA BOND A4 ATLAS,8,0.1,0.8,2026-03-27,EFECTIVO
VTA-0000131,DFF-0000000080,UTILES,CARTULINA A4,2,0.5,1.0,2026-03-27,EFECTIVO
VTA-0000131,HOJA-COLORES,UTILES,HOJA DE COLORES,2,0.2,0.4,2026-03-27,EFECTIVO
VTA-0000132,HOJA-COLORES,UTILES,HOJA DE COLORES,2,0.2,0.4,2026-03-27,EFECTIVO
VTA-0000133,DFF-0000000080,UTILES,CARTULINA A4,1,0.5,0.5,2026-03-27,YAPE
VTA-0000134,DFF-0000000080,UTILES,CARTULINA A4,1,0.5,0.5,2026-03-27,YAPE
VTA-0000135,DFF-COP-A4BN,FOTOCOPIADORA,FOTOCOPIA A4 A BLANCO Y NEGRO,20,0.1,2.0,2026-03-27,EFECTIVO
VTA-0000136,7750822012370,UTILES,CUADERNO STANDFORD CUADRICULADO A4 SIN STICKER,1,6.5,6.5,2026-03-27,EFECTIVO
VTA-0000137,DFF-IMP-A4CL,FOTOCOPIADORA,IMPRESION A4 A COLOR,4,1.0,4.0,2026-03-27,EFECTIVO
VTA-0000138,DFF-COP-A4BN,FOTOCOPIADORA,FOTOCOPIA A4 A BLANCO Y NEGRO,10,0.1,1.0,2026-03-28,EFECTIVO
VTA-0000139,DFF-COP-A4BN,FOTOCOPIADORA,FOTOCOPIA A4 A BLANCO Y NEGRO,52,0.08,4.2,2026-03-30,EFECTIVO
VTA-0000140,DFF-COP-A4BN,FOTOCOPIADORA,FOTOCOPIA A4 A BLANCO Y NEGRO,48,0.08,3.8,2026-03-30,EFECTIVO
VTA-0000141,7750082006157,UTILES,SILICONA LIQUIDA GRANDE ARTESCO 250ML,1,8.0,8.0,2026-03-30,EFECTIVO
VTA-0000142,7750833310380,UTILES,SERPENTINA HOLIDAYS,1,1.5,1.5,2026-03-30,YAPE
VTA-0000143,7750833310380,UTILES,SERPENTINA HOLIDAYS,1,1.0,1.0,2026-03-30,EFECTIVO
VTA-0000144,7750833310380,UTILES,SERPENTINA HOLIDAYS,1,1.5,1.5,2026-03-30,EFECTIVO
VTA-0000145,DFF-IMP-A4CL,FOTOCOPIADORA,IMPRESION A4 A COLOR,1,1.0,1.0,2026-03-30,EFECTIVO
VTA-0000146,7754111532013,UTILES,LAPICERO FABERCASTEL TRULUX 032 ECONOMICO AZUL,1,1.0,1.0,2026-03-30,EFECTIVO
VTA-0000147,DFF-COP-A4BN,FOTOCOPIADORA,FOTOCOPIA A4 A BLANCO Y NEGRO,52,0.08,4.2,2026-03-31,YAPE
VTA-0000148,DFF-COP-A4BN,FOTOCOPIADORA,FOTOCOPIA A4 A BLANCO Y NEGRO,5,0.1,0.5,2026-03-31,YAPE
VTA-0000149,DFF-COP-A4BN,FOTOCOPIADORA,FOTOCOPIA A4 A BLANCO Y NEGRO,1,0.1,0.1,2026-03-31,EFECTIVO
VTA-0000150,DFF-IMP-A4CL,FOTOCOPIADORA,IMPRESION A4 A COLOR,1,1.0,1.0,2026-03-31,YAPE
VTA-0000151,7754807080279,UTILES,MICA A4 VINIFAN,1,1.0,1.0,2026-03-31,YAPE
VTA-0000152,DFF-IMP-A4CL,FOTOCOPIADORA,IMPRESION A4 A COLOR,1,1.0,1.0,2026-03-31,EFECTIVO
VTA-0000153,3013017958285,UTILES,TIJERAS ECONOMICAS YIMI,1,1.5,1.5,2026-03-31,EFECTIVO
VTA-0000154,DFF-COP-A4BN,FOTOCOPIADORA,FOTOCOPIA A4 A BLANCO Y NEGRO,10,0.08,0.8,2026-03-31,EFECTIVO
VTA-0000155,6947860582304,UTILES,PERFORADOR ECONOMICO,1,5.0,5.0,2026-03-31,YAPE
VTA-0000156,DFF-COP-A4BN,FOTOCOPIADORA,FOTOCOPIA A4 A BLANCO Y NEGRO,26,0.08,2.1,2026-03-31,EFECTIVO
VTA-0000157,7754807771344,UTILES,SET DE PLUMONES GRUESOS VINIFAN,1,9.0,9.0,2026-01-04,EFECTIVO
VTA-0000158,DFF-COP-A4BN,FOTOCOPIADORA,FOTOCOPIA A4 A BLANCO Y NEGRO,11,0.1,1.1,2026-01-04,EFECTIVO
VTA-0000159,DFF-COP-A4BN,FOTOCOPIADORA,FOTOCOPIA A4 A BLANCO Y NEGRO,79,0.08,6.3,2026-01-04,EFECTIVO
VTA-0000160,DFF-COP-A4BN,FOTOCOPIADORA,FOTOCOPIA A4 A BLANCO Y NEGRO,100,0.08,8.0,2026-01-04,EFECTIVO
VTA-0000161,DFF-0000000066,UTILES,CARTULINA CANSON MARRON,1,1.2,1.2,2026-01-04,YAPE
VTA-0000161,7750805001377,UTILES,CARTULINA DUPLEX 100X70CM,1,2.0,2.0,2026-01-04,YAPE
VTA-0000162,7754111019484,UTILES,CRAYOLA JUMBO FABERCASTELL,1,5.5,5.5,2026-01-04,YAPE
VTA-0000162,DFF-0000000130,UTILES,BOLSA DE TELA,1,5.0,5.0,2026-01-04,YAPE
VTA-0000163,2050000167225,UTILES,MICROPOROSO ADHESIVO ESCARCHADO DORADO,2,4.0,8.0,2026-03-04,EFECTIVO
VTA-0000164,DFF-COP-A4BN,FOTOCOPIADORA,FOTOCOPIA A4 A BLANCO Y NEGRO,230,0.08,18.4,2026-06-04,YAPE
VTA-0000165,DFF-IMP-A4CL,FOTOCOPIADORA,IMPRESION A4 A COLOR,54,1.0,54.0,2026-06-04,YAPE
VTA-0000166,7750082002623,UTILES,PLASTILINA JUMBO ARTESCO,1,5.5,5.5,2026-06-04,EFECTIVO
VTA-0000167,DFF-0000000051,UTILES,CARTULINA CANSON NEGRA,1,1.5,1.5,2026-06-04,YAPE
VTA-0000168,7754807720144,UTILES,SILICONA LIQUIDA MEDIANA VINIFAN 100 ML,1,4.0,4.0,2026-06-04,EFECTIVO
VTA-0000169,DFF-COP-A4BN,FOTOCOPIADORA,FOTOCOPIA A4 A BLANCO Y NEGRO,4,0.1,0.4,2026-06-04,EFECTIVO
VTA-0000170,DFF-COP-DNIBN,FOTOCOPIADORA,FOTOCOPIA DNI BLANCO Y NEGRO,1,0.3,0.3,2026-06-04,EFECTIVO
VTA-0000171,PAPEL-BOND,UTILES,HOJA BOND A4 ATLAS,5,0.1,0.5,2026-06-04,YAPE
VTA-0000171,DFF-0000000080,UTILES,CARTULINA A4,1,0.5,0.5,2026-06-04,YAPE
VTA-0000172,DFF-0000000080,UTILES,CARTULINA A4,1,0.5,0.5,2026-06-04,EFECTIVO
VTA-0000172,DFF-0000000105,UTILES,HOJA DE COLOR ROJO,2,0.2,0.4,2026-06-04,EFECTIVO
VTA-0000172,PAPEL-BOND,UTILES,HOJA BOND A4 ATLAS,2,0.1,0.2,2026-06-04,EFECTIVO
VTA-0000172,7750082006133,UTILES,SILICONA LIQUIDA PEQUEÑA ARTESCO 30ML,1,2.0,2.0,2026-06-04,EFECTIVO
VTA-0000173,7750822012387,UTILES,CUADERNO STANDFORD RAYADO,1,6.5,6.5,2026-06-04,YAPE
VTA-0000174,DFF-0000000080,UTILES,CARTULINA A4,2,0.5,1.0,2026-06-04,EFECTIVO
VTA-0000175,DFF-0000000080,UTILES,CARTULINA A4,2,0.5,1.0,2026-06-04,YAPE
VTA-0000175,DFF-0000000105,UTILES,HOJA DE COLOR ROJO,2,0.2,0.4,2026-06-04,YAPE
VTA-0000176,DFF-COP-A4BN,FOTOCOPIADORA,FOTOCOPIA A4 A BLANCO Y NEGRO,14,0.08,1.1,2026-06-04,EFECTIVO
VTA-0000176,DFF-IMP-A3CL,FOTOCOPIADORA,IMPRESION A3 A COLOR,2,2.0,4.0,2026-06-04,EFECTIVO
VTA-0000177,DFF-0000000060,UTILES,CARTULINA CANSON TURQUESA,1,1.2,1.2,2026-06-04,EFECTIVO
VTA-0000178,DFF-IMP-A4BN,FOTOCOPIADORA,IMPRESION A4 BLANCO Y NEGRO,21,0.5,10.5,2026-06-04,YAPE
VTA-0000179,DFF-IMP-A3CL,FOTOCOPIADORA,IMPRESION A3 A COLOR,1,2.0,2.0,2026-06-04,EFECTIVO
VTA-0000179,DFF-COP-A4BN,FOTOCOPIADORA,FOTOCOPIA A4 A BLANCO Y NEGRO,10,0.08,0.8,2026-06-04,EFECTIVO
VTA-0000179,DFF-IMP-A4BN,FOTOCOPIADORA,IMPRESION A4 BLANCO Y NEGRO,12,0.5,6.0,2026-06-04,EFECTIVO
VTA-0000180,DFF-COP-A4BN,FOTOCOPIADORA,FOTOCOPIA A4 A BLANCO Y NEGRO,275,0.08,22.0,2026-06-04,YAPE
VTA-0000181,DFF-IMP-FOTOCL,FOTOCOPIADORA,IMPRESION PAPEL FOTO A COLOR,1,2.0,2.0,2026-06-04,YAPE
VTA-0000182,7755354016070,UTILES,CUADERNO ALPHA 1X1 A4,1,6.5,6.5,2026-07-04,YAPE
VTA-0000183,7750082003606,UTILES,CHEQUEO ROJO ARTESCO,1,1.0,1.0,2026-07-04,EFECTIVO
VTA-0000184,DFF-0000000080,UTILES,CARTULINA A4,2,0.5,1.0,2026-07-04,YAPE
VTA-0000184,PAPEL-BOND,UTILES,HOJA BOND A4 ATLAS,4,0.1,0.4,2026-07-04,YAPE
VTA-0000184,7754807720137,UTILES,SILICONA LIQUIDA PEQUEÑA VINIFAN 30 ML,1,2.0,2.0,2026-07-04,YAPE
VTA-0000185,DFF-0000000080,UTILES,CARTULINA A4,2,0.5,1.0,2026-07-04,EFECTIVO
VTA-0000186,DFF-COP-A4BN,FOTOCOPIADORA,FOTOCOPIA A4 A BLANCO Y NEGRO,32,0.1,3.2,2026-07-04,YAPE
VTA-0000187,DFF-0000000080,UTILES,CARTULINA A4,2,0.5,1.0,2026-07-04,EFECTIVO
VTA-0000188,DFF-COP-A4BN,FOTOCOPIADORA,FOTOCOPIA A4 A BLANCO Y NEGRO,5,0.1,0.5,2026-07-04,YAPE
VTA-0000189,DFF-COP-A4BN,FOTOCOPIADORA,FOTOCOPIA A4 A BLANCO Y NEGRO,45,0.08,3.6,2026-07-04,EFECTIVO
VTA-0000190,DFF-COP-A4BN,FOTOCOPIADORA,FOTOCOPIA A4 A BLANCO Y NEGRO,40,0.08,3.2,2026-07-04,EFECTIVO
VTA-0000191,DFF-0000000003,UTILES,CUADERNO SURCO RAYADO A5 50 HOJAS,1,2.0,2.0,2026-07-04,EFECTIVO
VTA-0000192,DFF-0000000156,UTILES,LIGAS,2,0.1,0.2,2026-07-04,YAPE
VTA-0000193,DFF-IMP-A4BN,FOTOCOPIADORA,IMPRESION A4 BLANCO Y NEGRO,1,0.5,0.5,2026-07-04,EFECTIVO
VTA-0000194,DFF-COP-A4BN,FOTOCOPIADORA,FOTOCOPIA A4 A BLANCO Y NEGRO,5,0.1,0.5,2026-07-04,EFECTIVO
VTA-0000195,7754807761918,UTILES,PLUMON BRUSH MARKER DUO NEON,1,10.0,10.0,2026-07-04,EFECTIVO
VTA-0000196,DFF-0000000080,UTILES,CARTULINA A4,1,0.5,0.5,2026-07-04,EFECTIVO
VTA-0000196,PAPEL-BOND,UTILES,HOJA BOND A4 ATLAS,10,0.1,1.0,2026-07-04,EFECTIVO
VTA-0000197,4902505084560,UTILES,LAPICERO PUNTA FINA PILOT NEGRO,1,3.5,3.5,2026-08-04,EFECTIVO
VTA-0000198,7754111532037,UTILES,LAPICERO FABERCASTELL ECONOMICO NEGRO TRILUX 032,1,1.0,1.0,2026-08-04,EFECTIVO
VTA-0000199,DFF-0000000080,UTILES,CARTULINA A4,1,0.5,0.5,2026-08-04,YAPE
VTA-0000199,DFF-0000000117,UTILES,HOJA DE COLOR ROSADO,2,0.2,0.4,2026-08-04,YAPE
VTA-0000199,PAPEL-BOND,UTILES,HOJA BOND A4 ATLAS,2,0.1,0.2,2026-08-04,YAPE
VTA-0000200,3013010065560,UTILES,PAPEL CREPE AMARILLO,1,1.0,1.0,2026-08-04,YAPE
VTA-0000201,PAPEL-BOND,UTILES,HOJA BOND A4 ATLAS,2,0.1,0.2,2026-08-04,EFECTIVO
VTA-0000201,DFF-0000000080,UTILES,CARTULINA A4,1,0.5,0.5,2026-08-04,EFECTIVO
VTA-0000202,DFF-COP-A4BN,FOTOCOPIADORA,FOTOCOPIA A4 A BLANCO Y NEGRO,67,0.08,5.4,2026-08-04,EFECTIVO
VTA-0000203,DFF-COP-A4BN,FOTOCOPIADORA,FOTOCOPIA A4 A BLANCO Y NEGRO,18,0.08,1.4,2026-08-04,EFECTIVO
VTA-0000204,DFF-IMP-A4BN,FOTOCOPIADORA,IMPRESION A4 BLANCO Y NEGRO,60,0.5,30.0,2026-08-04,YAPE
VTA-0000205,DFF-0000000080,UTILES,CARTULINA A4,1,0.5,0.5,2026-09-04,YAPE
VTA-0000205,3013010066666,UTILES,PAPEL CREPE ROJO,1,1.0,1.0,2026-09-04,YAPE
VTA-0000206,2050000398674,UTILES,LAPICERO OVE ECONOMICO AZUL,1,1.0,1.0,2026-09-04,EFECTIVO
VTA-0000207,DFF-0000000065,UTILES,CARTULINA CANSON ROSADA,1,1.2,1.2,2026-09-04,EFECTIVO
VTA-0000208,DFF-0000000080,UTILES,CARTULINA A4,1,0.5,0.5,2026-09-04,EFECTIVO
VTA-0000209,PAPEL-BOND,UTILES,HOJA BOND A4 ATLAS,3,0.1,0.3,2026-09-04,EFECTIVO
VTA-0000210,DFF-0000000065,UTILES,CARTULINA CANSON ROSADA,1,1.2,1.2,2026-09-04,EFECTIVO
VTA-0000211,PAPEL-BOND,UTILES,HOJA BOND A4 ATLAS,8,0.1,0.8,2026-09-04,EFECTIVO
VTA-0000212,PAPEL-BOND,UTILES,HOJA BOND A4 ATLAS,3,0.1,0.3,2026-09-04,EFECTIVO
VTA-0000213,DFF-COP-A4BN,FOTOCOPIADORA,FOTOCOPIA A4 A BLANCO Y NEGRO,22,0.08,1.8,2026-09-04,YAPE
VTA-0000214,DFF-0000000080,UTILES,CARTULINA A4,2,0.5,1.0,2026-09-04,EFECTIVO
VTA-0000214,PAPEL-BOND,UTILES,HOJA BOND A4 ATLAS,4,0.1,0.4,2026-09-04,EFECTIVO
VTA-0000215,DFF-COP-A4BN,FOTOCOPIADORA,FOTOCOPIA A4 A BLANCO Y NEGRO,5,0.1,0.5,2026-09-04,EFECTIVO
VTA-0000216,DFF-COP-A4BN,FOTOCOPIADORA,FOTOCOPIA A4 A BLANCO Y NEGRO,65,0.08,5.2,2026-09-04,EFECTIVO
VTA-0000217,DFF-COP-A4BN,FOTOCOPIADORA,FOTOCOPIA A4 A BLANCO Y NEGRO,35,0.08,2.8,2026-09-04,EFECTIVO
VTA-0000218,7754111663038,UTILES,INDELEBLE GRUESO FABERCASTELL,1,4.5,4.5,2026-09-04,EFECTIVO
VTA-0000219,DFF-0000000131,UTILES,SUPER BLUE,1,1.0,1.0,2026-09-04,EFECTIVO
VTA-0000220,PAPEL-BOND,UTILES,HOJA BOND A4 ATLAS,10,0.1,1.0,2026-10-04,EFECTIVO
VTA-0000221,DFF-0000000080,UTILES,CARTULINA A4,1,0.5,0.5,2026-10-04,EFECTIVO
VTA-0000221,3013010066666,UTILES,PAPEL CREPE ROJO,1,1.0,1.0,2026-10-04,EFECTIVO
VTA-0000222,7750082416178,UTILES,MICA A4 ARTESCO,1,1.0,1.0,2026-10-04,EFECTIVO
VTA-0000223,3013010066666,UTILES,PAPEL CREPE ROJO,1,1.0,1.0,2026-10-04,EFECTIVO
VTA-0000224,3013010066666,UTILES,PAPEL CREPE ROJO,1,1.0,1.0,2026-10-04,EFECTIVO
VTA-0000225,DFF-0000000131,UTILES,SUPER BLUE,1,1.0,1.0,2026-10-04,EFECTIVO
VTA-0000226,3013010066666,UTILES,PAPEL CREPE ROJO,1,1.0,1.0,2026-10-04,YAPE
VTA-0000227,3013010066666,UTILES,PAPEL CREPE ROJO,1,1.0,1.0,2026-10-04,EFECTIVO
VTA-0000227,DFF-0000000080,UTILES,CARTULINA A4,1,0.5,0.5,2026-10-04,EFECTIVO
VTA-0000228,DFF-0000000030,UTILES,CARTULINA BLANCA,1,1.0,1.0,2026-10-04,EFECTIVO
VTA-0000229,DFF-0000000080,UTILES,CARTULINA A4,1,0.5,0.5,2026-10-04,YAPE
VTA-0000229,3013010066666,UTILES,PAPEL CREPE ROJO,1,1.0,1.0,2026-10-04,YAPE
VTA-0000229,3013017958285,UTILES,TIJERAS ECONOMICAS YIMI,1,1.5,1.5,2026-10-04,YAPE
VTA-0000229,7754111024259,UTILES,GOMA EN BARRA MEDIANA FABERCASTELL,1,3.0,3.0,2026-10-04,YAPE
VTA-0000230,7750082416178,UTILES,MICA A4 ARTESCO,1,1.0,1.0,2026-10-04,EFECTIVO
VTA-0000231,DFF-COP-A4BN,FOTOCOPIADORA,FOTOCOPIA A4 A BLANCO Y NEGRO,7,0.1,0.7,2026-10-04,EFECTIVO
VTA-0000232,DFF-0000000131,UTILES,SUPER BLUE,1,1.0,1.0,2026-10-04,EFECTIVO
VTA-0000233,DFF-IMP-A4CL,FOTOCOPIADORA,IMPRESION A4 A COLOR,2,1.0,2.0,2026-12-04,EFECTIVO
VTA-0000234,DFF-0000000157,UTILES,PALIGLOBOS,1,0.2,0.2,2026-12-04,YAPE
VTA-0000234,DFF-IMP-A4BN,FOTOCOPIADORA,IMPRESION A4 BLANCO Y NEGRO,1,0.5,0.5,2026-12-04,YAPE
VTA-0000235,DFF-COP-A4BN,FOTOCOPIADORA,FOTOCOPIA A4 A BLANCO Y NEGRO,150,0.08,12.0,2026-12-04,YAPE
VTA-0000236,DFF-IMP-A4CL,FOTOCOPIADORA,IMPRESION A4 A COLOR,4,1.0,4.0,2026-12-04,YAPE
VTA-0000237,DFF-IMP-A4CL,FOTOCOPIADORA,IMPRESION A4 A COLOR,2,1.0,2.0,2026-04-13,EFECTIVO
VTA-0000238,2050000398674,UTILES,LAPICERO OVE ECONOMICO AZUL,1,1.0,1.0,2026-04-13,EFECTIVO
VTA-0000239,DFF-0000000131,UTILES,SUPER BLUE,2,1.0,2.0,2026-04-13,EFECTIVO
VTA-0000240,DFF-IMP-A4CL,FOTOCOPIADORA,IMPRESION A4 A COLOR,2,0.9,1.8,2026-04-13,EFECTIVO
VTA-0000240,DFF-0000000157,UTILES,PALIGLOBOS,1,0.2,0.2,2026-04-13,EFECTIVO
VTA-0000241,DFF-IMP-A4CL,FOTOCOPIADORA,IMPRESION A4 A COLOR,1,1.0,1.0,2026-04-13,YAPE
VTA-0000242,DFF-IMP-A4CL,FOTOCOPIADORA,IMPRESION A4 A COLOR,2,0.9,1.8,2026-04-13,EFECTIVO
VTA-0000242,DFF-0000000157,UTILES,PALIGLOBOS,1,0.2,0.2,2026-04-13,EFECTIVO
VTA-0000243,DFF-COP-A4BN,FOTOCOPIADORA,FOTOCOPIA A4 A BLANCO Y NEGRO,10,0.1,1.0,2026-04-13,EFECTIVO
VTA-0000244,7754111024273,UTILES,GOMA EN BARRA GRANDE FABERCASTELL,1,5.0,5.0,2026-04-13,EFECTIVO
VTA-0000245,DFF-COP-A4BN,FOTOCOPIADORA,FOTOCOPIA A4 A BLANCO Y NEGRO,34,0.08,2.7,2026-04-13,EFECTIVO
VTA-0000246,DFF-COP-A4BN,FOTOCOPIADORA,FOTOCOPIA A4 A BLANCO Y NEGRO,84,0.08,6.7,2026-04-13,EFECTIVO
VTA-0000247,DFF-COP-A4BN,FOTOCOPIADORA,FOTOCOPIA A4 A BLANCO Y NEGRO,494,0.08,39.5,2026-04-13,YAPE
VTA-0000248,7750082007093,UTILES,CAJA DE CRAYOLAS JUMBO ARTESCO,1,7.0,7.0,2026-04-13,YAPE
VTA-0000249,7750737360665,UTILES,FOLDER MANILA NATURAL A4,1,1.0,1.0,2026-04-13,EFECTIVO
VTA-0000250,7754005018623,UTILES,CINTA DE ESCRITORIO PEQUEÑA,1,1.0,1.0,2026-04-13,EFECTIVO
VTA-0000251,7751690115224,UTILES,CINTA MASKING TAPE SHURTAPE 1X15,1,2.0,2.0,2026-04-13,EFECTIVO
VTA-0000252,DFF-IMP-A4CL,FOTOCOPIADORA,IMPRESION A4 A COLOR,4,1.0,4.0,2026-04-13,YAPE
VTA-0000253,DFF-IMP-A3CL,FOTOCOPIADORA,IMPRESION A3 A COLOR,4,2.0,8.0,2026-04-13,YAPE
VTA-0000253,DFF-IMP-A4CL,FOTOCOPIADORA,IMPRESION A4 A COLOR,17,1.0,17.0,2026-04-13,YAPE
VTA-0000254,7750822012370,UTILES,CUADERNO STANDFORD CUADRICULADO A4 SIN STICKER,1,6.5,6.5,2026-04-14,EFECTIVO
VTA-0000255,7754111018333,UTILES,PLUMON PIZARRA AZUL FABERCASTELL,1,2.5,2.5,2026-04-14,EFECTIVO
VTA-0000256,DFF-COP-A4BN,FOTOCOPIADORA,FOTOCOPIA A4 A BLANCO Y NEGRO,75,0.08,6.0,2026-04-14,YAPE
VTA-0000257,DFF-COP-A4BN,FOTOCOPIADORA,FOTOCOPIA A4 A BLANCO Y NEGRO,82,0.08,6.6,2026-04-14,EFECTIVO
VTA-0000258,DFF-COP-A4BN,FOTOCOPIADORA,FOTOCOPIA A4 A BLANCO Y NEGRO,77,0.08,6.2,2026-04-14,EFECTIVO
VTA-0000259,DFF-COP-A4BN,FOTOCOPIADORA,FOTOCOPIA A4 A BLANCO Y NEGRO,46,0.08,3.7,2026-04-14,EFECTIVO
VTA-0000260,DFF-COP-DNICL,FOTOCOPIADORA,FOTOCOPIA DNI A COLOR,1,0.5,0.5,2026-04-14,EFECTIVO
VTA-0000261,DFF-IMP-A4CL,FOTOCOPIADORA,IMPRESION A4 A COLOR,5,1.0,5.0,2026-04-14,YAPE
VTA-0000262,DFF-0000000030,UTILES,CARTULINA BLANCA,2,1.0,2.0,2026-04-14,YAPE
VTA-0000263,7754807033831,UTILES,FOLDER A4 DOBLE TAPA AZUL VINIFAN,1,7.0,7.0,2026-04-14,YAPE
VTA-0000264,DFF-0000000054,UTILES,CARTULINA CANSON VERDE HOJA,1,1.2,1.2,2026-04-14,YAPE
VTA-0000265,DFF-0000000054,UTILES,CARTULINA CANSON VERDE HOJA,1,1.2,1.2,2026-04-14,EFECTIVO
VTA-0000266,DFF-IMP-A3CL,FOTOCOPIADORA,IMPRESION A3 A COLOR,1,2.0,2.0,2026-04-14,EFECTIVO
VTA-0000267,DFF-0000000131,UTILES,SUPER BLUE,1,1.0,1.0,2026-04-15,EFECTIVO
VTA-0000268,DFF-0000000076,UTILES,TEMPERA APU,1,2.0,2.0,2026-04-15,EFECTIVO
VTA-0000268,DFF-0000000100,UTILES,PINCEL NUMERO 2,1,1.0,1.0,2026-04-15,EFECTIVO
VTA-0000268,DFF-0000000092,UTILES,PINCEL NUMERO 10,1,2.0,2.0,2026-04-15,EFECTIVO
VTA-0000269,DFF-COP-DNICL,FOTOCOPIADORA,FOTOCOPIA DNI A COLOR,3,0.5,1.5,2026-04-15,EFECTIVO
VTA-0000270,DFF-COP-A4BN,FOTOCOPIADORA,FOTOCOPIA A4 A BLANCO Y NEGRO,69,0.08,5.5,2026-04-15,EFECTIVO
VTA-0000271,DFF-0000000158,UTILES,PAPEL CRAFT,4,0.5,2.0,2026-04-15,EFECTIVO
VTA-0000272,DFF-0000000159,UTILES,PAPEL LUSTRE VERDE LIMON,9,0.6,5.4,2026-04-15,YAPE
VTA-0000272,7751690115460,UTILES,CINTA MASKING TAPE SHURTAPE 2X15,1,4.5,4.5,2026-04-15,YAPE
VTA-0000273,DFF-IMP-A4CL,FOTOCOPIADORA,IMPRESION A4 A COLOR,5,1.0,5.0,2026-04-15,YAPE
VTA-0000274,DFF-COP-A4BN,FOTOCOPIADORA,FOTOCOPIA A4 A BLANCO Y NEGRO,45,0.08,3.6,2026-04-16,EFECTIVO
VTA-0000275,DFF-COP-A4BN,FOTOCOPIADORA,FOTOCOPIA A4 A BLANCO Y NEGRO,90,0.08,7.2,2026-04-16,EFECTIVO
VTA-0000276,7750822012370,UTILES,CUADERNO STANDFORD CUADRICULADO A4 SIN STICKER,1,6.5,6.5,2026-04-17,EFECTIVO
VTA-0000277,7754807080279,UTILES,MICA A4 VINIFAN,1,1.0,1.0,2026-04-17,YAPE
VTA-0000277,7754111032285,UTILES,PLUMON PIZARRA NEGRO FABERCASTELL,1,2.5,2.5,2026-04-17,YAPE
VTA-0000278,DFF-COP-A4BN,FOTOCOPIADORA,FOTOCOPIA A4 A BLANCO Y NEGRO,100,0.08,8.0,2026-04-17,YAPE
VTA-0000279,DFF-COP-A4BN,FOTOCOPIADORA,FOTOCOPIA A4 A BLANCO Y NEGRO,21,0.08,1.7,2026-04-17,EFECTIVO
VTA-0000280,DFF-COP-A4BN,FOTOCOPIADORA,FOTOCOPIA A4 A BLANCO Y NEGRO,16,0.08,1.3,2026-04-17,EFECTIVO
VTA-0000281,7750082003712,UTILES,LIMPIATIPOS ARTESCO,1,3.0,3.0,2026-04-17,YAPE
VTA-0000282,DFF-IMP-A4CL,FOTOCOPIADORA,IMPRESION A4 A COLOR,3,1.0,3.0,2026-04-17,EFECTIVO
VTA-0000283,6901234567908,UTILES,CUTER,1,1.5,1.5,2026-04-17,EFECTIVO
VTA-0000284,DFF-COP-A4BN,FOTOCOPIADORA,FOTOCOPIA A4 A BLANCO Y NEGRO,2,0.1,0.2,2026-04-18,EFECTIVO
VTA-0000285,DFF-IMP-A3CL,FOTOCOPIADORA,IMPRESION A3 A COLOR,5,2.0,10.0,2026-04-18,YAPE
VTA-0000286,DFF-IMP-FOTOCL,FOTOCOPIADORA,IMPRESION PAPEL FOTO A COLOR,6,2.0,12.0,2026-04-18,YAPE
VTA-0000287,DFF-IMP-FOTOCL,FOTOCOPIADORA,IMPRESION PAPEL FOTO A COLOR,6,2.0,12.0,2026-04-18,YAPE
VTA-0000288,DFF-IMP-A4CL,FOTOCOPIADORA,IMPRESION A4 A COLOR,4,1.0,4.0,2026-04-18,YAPE
VTA-0000289,DFF-IMP-A3CL,FOTOCOPIADORA,IMPRESION A3 A COLOR,2,2.0,4.0,2026-04-18,YAPE
VTA-0000290,DFF-IMP-A3CL,FOTOCOPIADORA,IMPRESION A3 A COLOR,2,2.0,4.0,2026-04-18,YAPE
VTA-0000291,DFF-IMP-A3CL,FOTOCOPIADORA,IMPRESION A3 A COLOR,1,2.0,2.0,2026-04-18,YAPE
VTA-0000292,DFF-IMP-A4CL,FOTOCOPIADORA,IMPRESION A4 A COLOR,2,1.0,2.0,2026-04-18,YAPE
VTA-0000293,7750049008453,UTILES,SKETCH BOOK SURCO,1,6.5,6.5,2026-04-18,YAPE
VTA-0000294,DFF-0000000016,UTILES,CARTULINA CORRUGADA CON DISEÑO,2,2.0,4.0,2026-04-18,YAPE
VTA-0000295,DFF-IMP-A4CL,FOTOCOPIADORA,IMPRESION A4 A COLOR,16,1.0,16.0,2026-04-18,YAPE
VTA-0000296,DFF-IMP-A4CL,FOTOCOPIADORA,IMPRESION A4 A COLOR,4,1.0,4.0,2026-04-18,YAPE
VTA-0000297,7750082001152,UTILES,TAMPON GRANDE AZUL PARA SELLOS ARTESCO,1,5.0,5.0,2026-04-18,YAPE
VTA-0000298,DFF-COP-A4BN,FOTOCOPIADORA,FOTOCOPIA A4 A BLANCO Y NEGRO,10,0.1,1.0,2026-04-18,YAPE
VTA-0000299,DFF-0000000066,UTILES,CARTULINA CANSON MARRON,1,1.0,1.0,2026-04-18,YAPE
VTA-0000299,DFF-COP-A4BN,FOTOCOPIADORA,FOTOCOPIA A4 A BLANCO Y NEGRO,20,0.08,1.6,2026-04-18,YAPE
VTA-0000300,DFF-COP-A4BN,FOTOCOPIADORA,FOTOCOPIA A4 A BLANCO Y NEGRO,15,0.08,1.2,2026-04-18,YAPE
VTA-0000301,DFF-0000000080,UTILES,CARTULINA A4,2,0.5,1.0,2026-04-18,YAPE
VTA-0000302,DFF-IMP-A4CL,FOTOCOPIADORA,IMPRESION A4 A COLOR,15,1.0,15.0,2026-04-18,YAPE
VTA-0000303,DFF-IMP-A3CL,FOTOCOPIADORA,IMPRESION A3 A COLOR,1,2.0,2.0,2026-04-18,YAPE
VTA-0000304,DFF-IMP-A4CL,FOTOCOPIADORA,IMPRESION A4 A COLOR,3,1.0,3.0,2026-04-18,YAPE
VTA-0000305,7754111654104,UTILES,PLUMON INDELEBLE GRUESO AZUL FABER CASTELL WINNER 54,1,3.0,3.0,2026-04-18,YAPE
VTA-0000305,7754111667029,UTILES,INDELEBLE DELGADO FABERCASTELL,1,4.0,4.0,2026-04-18,YAPE
VTA-0000306,DFF-COP-A4BN,FOTOCOPIADORA,FOTOCOPIA A4 A BLANCO Y NEGRO,2352,0.08,188.2,2026-04-18,EFECTIVO
VTA-0000307,DFF-0000000030,UTILES,CARTULINA BLANCA,1,1.0,1.0,2026-04-20,EFECTIVO
VTA-0000308,DFF-IMP-A4CL,FOTOCOPIADORA,IMPRESION A4 A COLOR,1,1.0,1.0,2026-04-20,EFECTIVO
VTA-0000309,DFF-0000000030,UTILES,CARTULINA BLANCA,1,1.0,1.0,2026-04-20,YAPE
VTA-0000310,DFF-0000000030,UTILES,CARTULINA BLANCA,1,1.0,1.0,2026-04-20,EFECTIVO
VTA-0000311,7750082007581,UTILES,PLUMONES DELGADOS ARTESCO,1,7.0,7.0,2026-04-20,EFECTIVO
VTA-0000312,DFF-0000000030,UTILES,CARTULINA BLANCA,1,1.0,1.0,2026-04-20,EFECTIVO
VTA-0000313,DFF-IMP-A4CL,FOTOCOPIADORA,IMPRESION A4 A COLOR,1,1.0,1.0,2026-04-20,EFECTIVO
VTA-0000314,7754807080279,UTILES,MICA A4 VINIFAN,1,1.0,1.0,2026-04-20,EFECTIVO
VTA-0000315,7750082003712,UTILES,LIMPIATIPOS ARTESCO,1,3.0,3.0,2026-04-20,YAPE
VTA-0000316,DFF-0000000030,UTILES,CARTULINA BLANCA,2,1.0,2.0,2026-04-20,EFECTIVO
VTA-0000317,DFF-COP-A4BN,FOTOCOPIADORA,FOTOCOPIA A4 A BLANCO Y NEGRO,116,0.08,9.3,2026-04-20,EFECTIVO
VTA-0000318,DFF-0000000051,UTILES,CARTULINA CANSON NEGRA,1,1.5,1.5,2026-04-20,EFECTIVO
VTA-0000319,3013010066666,UTILES,PAPEL CREPE ROJO,1,1.0,1.0,2026-04-20,EFECTIVO
VTA-0000320,DFF-IMP-A4BN,FOTOCOPIADORA,IMPRESION A4 BLANCO Y NEGRO,24,0.5,12.0,2026-04-20,EFECTIVO
VTA-0000321,DFF-IMP-A4CL,FOTOCOPIADORA,IMPRESION A4 A COLOR,4,1.0,4.0,2026-04-20,YAPE
VTA-0000322,DFF-IMP-A4CL,FOTOCOPIADORA,IMPRESION A4 A COLOR,1,1.0,1.0,2026-04-20,YAPE
VTA-0000323,DFF-0000000021,UTILES,PAPEL DE SEDA COLOR AMARILLO,3,0.2,0.6,2026-04-20,EFECTIVO
VTA-0000323,3013010066222,UTILES,PAPEL CREPE MARRON,1,1.0,1.0,2026-04-20,EFECTIVO
VTA-0000324,DFF-0000000030,UTILES,CARTULINA BLANCA,1,1.0,1.0,2026-04-21,EFECTIVO
VTA-0000325,DFF-0000000030,UTILES,CARTULINA BLANCA,1,1.0,1.0,2026-04-21,YAPE
VTA-0000326,DFF-COP-A4BN,FOTOCOPIADORA,FOTOCOPIA A4 A BLANCO Y NEGRO,88,0.08,7.0,2026-04-21,EFECTIVO
VTA-0000327,7750833310380,UTILES,SERPENTINA HOLIDAYS,1,1.5,1.5,2026-04-21,EFECTIVO
VTA-0000328,DFF-0000000030,UTILES,CARTULINA BLANCA,1,1.0,1.0,2026-04-21,EFECTIVO
VTA-0000329,3013017958285,UTILES,TIJERAS ECONOMICAS YIMI,1,1.5,1.5,2026-04-21,YAPE
VTA-0000329,DFF-0000000160,UTILES,CHINCHE MARIPOSA,12,0.2,2.4,2026-04-21,YAPE
VTA-0000330,DFF-COP-A4BN,FOTOCOPIADORA,FOTOCOPIA A4 A BLANCO Y NEGRO,1,0.1,0.1,2026-04-21,YAPE
VTA-0000331,DFF-COP-A4BN,FOTOCOPIADORA,FOTOCOPIA A4 A BLANCO Y NEGRO,1,0.1,0.1,2026-04-21,YAPE
VTA-0000332,DFF-0000000160,UTILES,CHINCHE MARIPOSA,6,0.2,1.2,2026-04-21,YAPE
VTA-0000333,7754111024273,UTILES,GOMA EN BARRA GRANDE FABERCASTELL,1,5.0,5.0,2026-04-21,EFECTIVO
VTA-0000334,DFF-COP-A4BN,FOTOCOPIADORA,FOTOCOPIA A4 A BLANCO Y NEGRO,79,0.08,6.3,2026-04-21,EFECTIVO
VTA-0000335,DFF-COP-A4BN,FOTOCOPIADORA,FOTOCOPIA A4 A BLANCO Y NEGRO,35,0.08,2.8,2026-04-21,EFECTIVO
VTA-0000336,DFF-0000000160,UTILES,CHINCHE MARIPOSA,2,0.2,0.4,2026-04-21,EFECTIVO
VTA-0000337,7754111667029,UTILES,INDELEBLE DELGADO FABERCASTELL,1,4.0,4.0,2026-04-21,EFECTIVO
VTA-0000338,7750082001619,UTILES,TINTA AZUL PARA TAMPON ARTESCO 1 OZ,1,3.5,3.5,2026-04-21,YAPE
VTA-0000339,DFF-0000000161,UTILES,PAPEL MANTECA,2,0.5,1.0,2026-04-21,EFECTIVO
VTA-0000340,7754807720137,UTILES,SILICONA LIQUIDA PEQUEÑA VINIFAN 30 ML,1,2.0,2.0,2026-04-21,YAPE
VTA-0000341,DFF-0000000074,UTILES,PAPELOTE BLANCO,3,0.6,1.8,2026-04-21,EFECTIVO
VTA-0000341,DFF-0000000030,UTILES,CARTULINA BLANCA,1,1.0,1.0,2026-04-21,EFECTIVO
VTA-0000341,DFF-0000000053,UTILES,CARTULINA CANSON ANARANJADA,1,1.4,1.4,2026-04-21,EFECTIVO
VTA-0000342,7754807080279,UTILES,MICA A4 VINIFAN,1,1.0,1.0,2026-04-21,EFECTIVO
VTA-0000343,7750082003422,UTILES,LAPIZ 2B ARTESCO,1,1.0,1.0,2026-04-22,YAPE
VTA-0000343,3013017958285,UTILES,TIJERAS ECONOMICAS YIMI,1,1.5,1.5,2026-04-22,YAPE
VTA-0000344,7750082003422,UTILES,LAPIZ 2B ARTESCO,1,1.0,1.0,2026-04-22,EFECTIVO
VTA-0000344,7750082003606,UTILES,CHEQUEO ROJO ARTESCO,1,1.0,1.0,2026-04-22,EFECTIVO
VTA-0000345,7754807720137,UTILES,SILICONA LIQUIDA PEQUEÑA VINIFAN 30 ML,1,2.0,2.0,2026-04-22,EFECTIVO
VTA-0000346,7750082003712,UTILES,LIMPIATIPOS ARTESCO,1,3.0,3.0,2026-04-22,YAPE
VTA-0000347,7754807720144,UTILES,SILICONA LIQUIDA MEDIANA VINIFAN 100 ML,1,4.0,4.0,2026-04-22,EFECTIVO
VTA-0000348,7754807720144,UTILES,SILICONA LIQUIDA MEDIANA VINIFAN 100 ML,1,4.0,4.0,2026-04-22,EFECTIVO
VTA-0000349,7750082003712,UTILES,LIMPIATIPOS ARTESCO,1,3.0,3.0,2026-04-22,EFECTIVO
VTA-0000350,7754807720144,UTILES,SILICONA LIQUIDA MEDIANA VINIFAN 100 ML,1,4.0,4.0,2026-04-22,EFECTIVO
VTA-0000351,DFF-0000000030,UTILES,CARTULINA BLANCA,1,1.0,1.0,2026-04-22,EFECTIVO
VTA-0000352,DFF-COP-A4BN,FOTOCOPIADORA,FOTOCOPIA A4 A BLANCO Y NEGRO,116,0.08,9.3,2026-04-22,YAPE
VTA-0000353,7754111667029,UTILES,INDELEBLE DELGADO FABERCASTELL,1,4.0,4.0,2026-04-22,EFECTIVO
VTA-0000353,7754111663038,UTILES,INDELEBLE GRUESO FABERCASTELL,1,4.5,4.5,2026-04-22,EFECTIVO
VTA-0000354,DFF-IMP-A4CL,FOTOCOPIADORA,IMPRESION A4 A COLOR,2,1.0,2.0,2026-04-22,EFECTIVO
VTA-0000355,7750082003392,UTILES,GOMA LIQUIDA ARTESCO PEQUEÑO,1,1.5,1.5,2026-04-22,EFECTIVO
VTA-0000356,DFF-IMP-A4CL,FOTOCOPIADORA,IMPRESION A4 A COLOR,2,1.0,2.0,2026-04-22,EFECTIVO
VTA-0000357,DFF-COP-A4BN,FOTOCOPIADORA,FOTOCOPIA A4 A BLANCO Y NEGRO,36,0.08,2.9,2026-04-22,EFECTIVO
VTA-0000358,DFF-COP-DNICL,FOTOCOPIADORA,FOTOCOPIA DNI A COLOR,2,0.5,1.0,2026-04-22,YAPE
VTA-0000359,7754807080279,UTILES,MICA A4 VINIFAN,1,1.0,1.0,2026-04-22,YAPE
VTA-0000360,9555684605573,UTILES,BORRADOR GRANDE NEGRO FABERCASTELL,1,2.0,2.0,2026-04-22,EFECTIVO
VTA-0000361,7754111856133,UTILES,PLUMON VERDE GRUESO DE PAPEL FABER CASTELL WINNER 56,1,2.0,2.0,2026-04-22,YAPE
VTA-0000362,DFF-IMP-A4CL,FOTOCOPIADORA,IMPRESION A4 A COLOR,3,1.0,3.0,2026-04-23,YAPE
VTA-0000363,DFF-0000000074,UTILES,PAPELOTE BLANCO,2,0.6,1.2,2026-04-23,YAPE
VTA-0000364,7750833310380,UTILES,SERPENTINA HOLIDAYS,1,1.5,1.5,2026-04-23,YAPE
VTA-0000365,DFF-COP-DNIBN,FOTOCOPIADORA,FOTOCOPIA DNI BLANCO Y NEGRO,3,0.2,0.6,2026-04-23,EFECTIVO
VTA-0000366,DFF-COP-A4BN,FOTOCOPIADORA,FOTOCOPIA A4 A BLANCO Y NEGRO,60,0.08,4.8,2026-04-23,EFECTIVO
VTA-0000367,DFF-COP-A4BN,FOTOCOPIADORA,FOTOCOPIA A4 A BLANCO Y NEGRO,863,0.08,69.0,2026-04-23,EFECTIVO
VTA-0000368,DFF-0000000059,UTILES,CARTULINA CANSON AZULINO,2,1.2,2.4,2026-04-23,YAPE
VTA-0000369,DFF-0000000131,UTILES,SUPER BLUE,1,1.0,1.0,2026-04-23,EFECTIVO
VTA-0000370,DFF-0000000003,UTILES,CUADERNO SURCO RAYADO A5 50 HOJAS,1,2.0,2.0,2026-04-23,EFECTIVO
VTA-0000371,2050000398674,UTILES,LAPICERO OVE ECONOMICO AZUL,1,1.0,1.0,2026-04-23,EFECTIVO
VTA-0000372,DFF-0000000003,UTILES,CUADERNO SURCO RAYADO A5 50 HOJAS,1,2.0,2.0,2026-04-23,YAPE
VTA-0000372,2050000398674,UTILES,LAPICERO OVE ECONOMICO AZUL,1,1.0,1.0,2026-04-23,YAPE
VTA-0000373,7750082208865,UTILES,CORRECTOR ARTESCO,1,3.0,3.0,2026-04-23,EFECTIVO
VTA-0000374,DFF-COP-A4BN,FOTOCOPIADORA,FOTOCOPIA A4 A BLANCO Y NEGRO,1200,0.08,96.0,2026-04-23,EFECTIVO
VTA-0000375,DFF-0000000162,UTILES,INSIGNA,1,1.0,1.0,2026-04-24,EFECTIVO
VTA-0000376,7750082003422,UTILES,LAPIZ 2B ARTESCO,1,1.0,1.0,2026-04-24,EFECTIVO
VTA-0000376,7750082003606,UTILES,CHEQUEO ROJO ARTESCO,1,1.0,1.0,2026-04-24,EFECTIVO
VTA-0000377,7750082003606,UTILES,CHEQUEO ROJO ARTESCO,1,1.0,1.0,2026-04-24,YAPE
VTA-0000377,7750082003422,UTILES,LAPIZ 2B ARTESCO,1,1.0,1.0,2026-04-24,YAPE
VTA-0000378,DFF-IMP-A4CL,FOTOCOPIADORA,IMPRESION A4 A COLOR,1,1.0,1.0,2026-04-24,YAPE
VTA-0000379,DFF-IMP-A4CL,FOTOCOPIADORA,IMPRESION A4 A COLOR,1,1.0,1.0,2026-04-24,YAPE
VTA-0000380,DFF-IMP-FOTOCL,FOTOCOPIADORA,IMPRESION PAPEL FOTO A COLOR,1,2.0,2.0,2026-04-24,EFECTIVO
VTA-0000381,DFF-COP-DNIBN,FOTOCOPIADORA,FOTOCOPIA DNI BLANCO Y NEGRO,3,0.2,0.6,2026-04-27,YAPE
VTA-0000382,7754807790925,UTILES,TAJADOR VINIFAN DOBLE PUNTA,1,2.5,2.5,2026-04-27,EFECTIVO
VTA-0000383,DFF-COP-A4BN,FOTOCOPIADORA,FOTOCOPIA A4 A BLANCO Y NEGRO,28,0.08,2.2,2026-04-27,EFECTIVO
VTA-0000384,DFF-COP-A4BN,FOTOCOPIADORA,FOTOCOPIA A4 A BLANCO Y NEGRO,59,0.08,4.7,2026-04-27,EFECTIVO
VTA-0000385,4902505084584,UTILES,LAPICERO PUNTA FINA PILOT AZUL,1,3.5,3.5,2026-04-27,YAPE
VTA-0000385,2050000287725,UTILES,BLOCK DE HOJAS DE COLORES YIMI,1,3.5,3.5,2026-04-27,YAPE
VTA-0000385,DFF-0000000052,UTILES,CARTULINA CANSON AMARILLA,1,1.2,1.2,2026-04-27,YAPE
VTA-0000385,DFF-0000000063,UTILES,CARTULINA CANSON LILA,1,1.2,1.2,2026-04-27,YAPE
VTA-0000385,DFF-0000000061,UTILES,CARTULINA CANSON MELON,1,1.2,1.2,2026-04-27,YAPE
VTA-0000385,DFF-0000000053,UTILES,CARTULINA CANSON ANARANJADA,1,1.2,1.2,2026-04-27,YAPE
VTA-0000385,DFF-0000000050,UTILES,CARTULINA CELESTE ECONOMICA,1,1.2,1.2,2026-04-27,YAPE
VTA-0000385,DFF-0000000073,UTILES,PAPELOTE CUADRICULADO,5,0.6,3.0,2026-04-27,YAPE
VTA-0000385,7750082208865,UTILES,CORRECTOR ARTESCO,1,4.0,4.0,2026-04-27,YAPE
VTA-0000386,DFF-IMP-A4BN,FOTOCOPIADORA,IMPRESION A4 BLANCO Y NEGRO,1,0.6,0.6,2026-04-27,EFECTIVO
VTA-0000387,7750082001619,UTILES,TINTA AZUL PARA TAMPON ARTESCO 1 OZ,1,3.0,3.0,2026-04-28,EFECTIVO
VTA-0000388,DFF-COP-A4BN,FOTOCOPIADORA,FOTOCOPIA A4 A BLANCO Y NEGRO,66,0.08,5.3,2026-04-28,YAPE
VTA-0000389,DFF-0000000051,UTILES,CARTULINA CANSON NEGRA,1,1.5,1.5,2026-04-28,YAPE
VTA-0000390,DFF-IMP-A4CL,FOTOCOPIADORA,IMPRESION A4 A COLOR,3,1.0,3.0,2026-04-28,EFECTIVO
VTA-0000391,7754111024259,UTILES,GOMA EN BARRA MEDIANA FABERCASTELL,1,3.0,3.0,2026-04-28,EFECTIVO
VTA-0000392,DFF-COP-A4BN,FOTOCOPIADORA,FOTOCOPIA A4 A BLANCO Y NEGRO,41,0.08,3.3,2026-04-28,EFECTIVO
VTA-0000393,DFF-0000000131,UTILES,SUPER BLUE,1,1.0,1.0,2026-04-28,EFECTIVO
VTA-0000394,DFF-IMP-FOTOCL,FOTOCOPIADORA,IMPRESION PAPEL FOTO A COLOR,1,2.0,2.0,2026-04-28,EFECTIVO
VTA-0000395,7754111015882,UTILES,PLUMON NEGRO GRUESO DE PAPEL FABER CASTELL WINNER 47,1,2.0,2.0,2026-04-28,EFECTIVO
VTA-0000396,DFF-0000000163,UTILES,TARJETA BIBLIOGRAFICA,10,0.2,2.0,2026-04-29,YAPE
VTA-0000397,DFF-0000000165,UTILES,LENTEJUELAS DORADAS MEDIANAS DFF,2,1.0,2.0,2026-04-29,YAPE
VTA-0000398,DFF-COP-A4BN,FOTOCOPIADORA,FOTOCOPIA A4 A BLANCO Y NEGRO,55,0.08,4.4,2026-04-29,EFECTIVO
VTA-0000399,DFF-0000000030,UTILES,CARTULINA BLANCA,1,1.0,1.0,2026-04-29,EFECTIVO
VTA-0000400,DFF-COP-A4BN,FOTOCOPIADORA,FOTOCOPIA A4 A BLANCO Y NEGRO,48,0.08,3.8,2026-04-29,EFECTIVO
VTA-0000401,3013017070918,UTILES,SILICONA EN BARRA DELGADA,3,0.5,1.5,2026-04-29,EFECTIVO
VTA-0000402,7750049011194,UTILES,CUADERNO SURCO CUADRICULADO A5,1,2.5,2.5,2026-04-29,EFECTIVO
VTA-0000403,DFF-IMP-A4CL,FOTOCOPIADORA,IMPRESION A4 A COLOR,1,1.0,1.0,2026-04-29,EFECTIVO
VTA-0000404,DFF-IMP-A4BN,FOTOCOPIADORA,IMPRESION A4 BLANCO Y NEGRO,10,0.5,5.0,2026-04-30,YAPE
VTA-0000405,DFF-COP-A4BN,FOTOCOPIADORA,FOTOCOPIA A4 A BLANCO Y NEGRO,1,0.1,0.1,2026-04-30,YAPE
VTA-0000406,DFF-IMP-A4CL,FOTOCOPIADORA,IMPRESION A4 A COLOR,1,1.0,1.0,2026-04-30,EFECTIVO
VTA-0000407,DFF-COP-A4BN,FOTOCOPIADORA,FOTOCOPIA A4 A BLANCO Y NEGRO,43,0.08,3.4,2026-04-30,EFECTIVO
VTA-0000408,DFF-IMP-A4BN,FOTOCOPIADORA,IMPRESION A4 BLANCO Y NEGRO,3,0.5,1.5,2026-04-30,EFECTIVO
VTA-0000409,DFF-COP-A4BN,FOTOCOPIADORA,FOTOCOPIA A4 A BLANCO Y NEGRO,224,0.08,17.9,2026-01-05,YAPE
VTA-0000410,4902505084584,UTILES,LAPICERO PUNTA FINA PILOT AZUL,1,3.5,3.5,2026-01-05,YAPE
VTA-0000410,7754111026499,UTILES,LAPICERO FABER CASTELL TINTA GEL 064,2,3.5,7.0,2026-01-05,YAPE
VTA-0000410,7502277851819,UTILES,PORTAMINAS JUMBO P925 SABONIS,2,3.0,6.0,2026-01-05,YAPE
VTA-0000410,7750082001862,UTILES,RESALTADOR ARTESCO,1,2.0,2.0,2026-01-05,YAPE
VTA-0000410,7750082207424,UTILES,REGLA DE 30 CM ARTESCO,1,1.5,1.5,2026-01-05,YAPE
VTA-0000410,7750082062610,UTILES,BORRADOR ARTESCO BROCHA,1,3.5,3.5,2026-01-05,YAPE
VTA-0000410,DFF-0000000166,UTILES,POST-IT DE FORMAS,3,3.0,9.0,2026-01-05,YAPE
VTA-0000410,7754807761918,UTILES,PLUMON BRUSH MARKER DUO NEON,1,12.0,12.0,2026-01-05,YAPE
VTA-0000410,DFF-0000000168,UTILES,LAPIZ 2B CON DISEÑO BESKO,2,1.0,2.0,2026-01-05,YAPE
VTA-0000410,3013017958285,UTILES,TIJERAS ECONOMICAS YIMI,1,1.5,1.5,2026-01-05,YAPE
VTA-0000410,7754807790925,UTILES,TAJADOR VINIFAN DOBLE PUNTA,1,2.5,2.5,2026-01-05,YAPE
VTA-0000410,7754111653305,UTILES,PLUMON DE PIZARRA JUMBO NEGRO FABER CASTELL,1,3.5,3.5,2026-01-05,YAPE
VTA-0000410,7754111032339,UTILES,PLUMON DE PIZARRA VERDE FABER CASTELL,1,2.5,2.5,2026-01-05,YAPE
VTA-0000410,7754111032162,UTILES,PLUMON PIZARRA ROJO FABERCASTELL,1,2.5,2.5,2026-01-05,YAPE
VTA-0000410,7754111018333,UTILES,PLUMON PIZARRA AZUL FABERCASTELL,1,2.5,2.5,2026-01-05,YAPE
VTA-0000410,6970767611204,UTILES,CALCULADORA HL-815L MEDIANA ECONOMICA,1,9.0,9.0,2026-01-05,YAPE
VTA-0000410,7750822007147,UTILES,REGLA 30 CM STANDFORD FLEXIBLE,1,2.0,2.0,2026-01-05,YAPE
VTA-0000410,DFF-0000000169,UTILES,MOTA ECONOMICA,1,3.0,3.0,2026-01-05,YAPE
VTA-0000411,DFF-0000000171,UTILES,CORBATA DE NIÑA AZULINO,1,3.0,3.0,2026-04-05,EFECTIVO
VTA-0000411,9555684605634,UTILES,BORRADOR PEQUEÑO BLANCO FABERCASTELL,1,1.0,1.0,2026-04-05,EFECTIVO
VTA-0000412,DFF-0000000171,UTILES,CORBATA DE NIÑA AZULINO,1,3.0,3.0,2026-04-05,EFECTIVO
VTA-0000413,DFF-0000000170,UTILES,CORBATA DE NIÑO AZULINO,1,3.0,3.0,2026-04-05,EFECTIVO
VTA-0000414,DFF-0000000171,UTILES,CORBATA DE NIÑA AZULINO,1,3.0,3.0,2026-04-05,EFECTIVO
VTA-0000415,DFF-IMP-A4CL,FOTOCOPIADORA,IMPRESION A4 A COLOR,2,1.0,2.0,2026-04-05,EFECTIVO
VTA-0000416,7750082003422,UTILES,LAPIZ 2B ARTESCO,1,1.0,1.0,2026-04-05,YAPE
VTA-0000417,DFF-0000000170,UTILES,CORBATA DE NIÑO AZULINO,1,3.0,3.0,2026-04-05,YAPE
VTA-0000418,7750822014237,UTILES,CUADERNO CUADRICULADO A4 ATLAS,1,6.5,6.5,2026-04-05,YAPE
VTA-0000419,DFF-COP-A4BN,FOTOCOPIADORA,FOTOCOPIA A4 A BLANCO Y NEGRO,57,0.08,4.6,2026-04-05,YAPE
VTA-0000420,DFF-COP-A4BN,FOTOCOPIADORA,FOTOCOPIA A4 A BLANCO Y NEGRO,60,0.08,4.8,2026-04-05,EFECTIVO
VTA-0000420,DFF-IMP-A4BN,FOTOCOPIADORA,IMPRESION A4 BLANCO Y NEGRO,5,0.5,2.5,2026-04-05,EFECTIVO
VTA-0000421,DFF-COP-A4BN,FOTOCOPIADORA,FOTOCOPIA A4 A BLANCO Y NEGRO,50,0.08,4.0,2026-04-05,EFECTIVO
VTA-0000422,DFF-0000000136,UTILES,MICROPOROSO ESCARCHADO A4 VERDE,2,1.5,3.0,2026-04-05,YAPE
VTA-0000422,DFF-0000000135,UTILES,MICROPOROSO ESCARCHADO A4 FUCSIA,2,1.5,3.0,2026-04-05,YAPE
VTA-0000423,2050000398674,UTILES,LAPICERO OVE ECONOMICO AZUL,1,1.0,1.0,2026-04-05,EFECTIVO
VTA-0000424,DFF-0000000172,UTILES,ESPONJA,1,0.5,0.5,2026-04-05,EFECTIVO
VTA-0000425,3013017826171,UTILES,LAPIZ JUMBO OVE,1,2.0,2.0,2026-04-05,EFECTIVO
VTA-0000426,DFF-0000000171,UTILES,CORBATA DE NIÑA AZULINO,1,3.0,3.0,2026-05-05,YAPE
VTA-0000427,DFF-0000000060,UTILES,CARTULINA CANSON TURQUESA,1,1.2,1.2,2026-05-05,EFECTIVO
VTA-0000428,7754807720144,UTILES,SILICONA LIQUIDA MEDIANA VINIFAN 100 ML,1,4.0,4.0,2026-05-05,EFECTIVO
VTA-0000429,DFF-IMP-FOTOCL,FOTOCOPIADORA,IMPRESION PAPEL FOTO A COLOR,1,2.0,2.0,2026-05-05,EFECTIVO
VTA-0000430,DFF-0000000171,UTILES,CORBATA DE NIÑA AZULINO,1,3.0,3.0,2026-05-05,EFECTIVO
VTA-0000431,9555684605634,UTILES,BORRADOR PEQUEÑO BLANCO FABERCASTELL,1,1.0,1.0,2026-05-05,EFECTIVO
VTA-0000432,7750082003422,UTILES,LAPIZ 2B ARTESCO,1,1.0,1.0,2026-05-05,EFECTIVO
VTA-0000433,DFF-0000000171,UTILES,CORBATA DE NIÑA AZULINO,2,3.0,6.0,2026-05-05,EFECTIVO
VTA-0000434,DFF-IMP-A4BN,FOTOCOPIADORA,IMPRESION A4 BLANCO Y NEGRO,45,0.5,22.5,2026-05-05,EFECTIVO
VTA-0000435,DFF-COP-DNICL,FOTOCOPIADORA,FOTOCOPIA DNI A COLOR,1,0.5,0.5,2026-05-05,EFECTIVO
VTA-0000436,3013017958285,UTILES,TIJERAS ECONOMICAS YIMI,1,1.5,1.5,2026-05-05,YAPE
VTA-0000437,DFF-IMP-A4CL,FOTOCOPIADORA,IMPRESION A4 A COLOR,2,1.0,2.0,2026-05-05,YAPE
VTA-0000438,DFF-COP-A4BN,FOTOCOPIADORA,FOTOCOPIA A4 A BLANCO Y NEGRO,51,0.08,4.1,2026-05-05,EFECTIVO
VTA-0000439,DFF-COP-A4BN,FOTOCOPIADORA,FOTOCOPIA A4 A BLANCO Y NEGRO,79,0.08,6.3,2026-05-05,EFECTIVO
VTA-0000440,7750082006157,UTILES,SILICONA LIQUIDA GRANDE ARTESCO 250ML,1,9.0,9.0,2026-05-05,YAPE
VTA-0000441,DFF-COP-A4BN,FOTOCOPIADORA,FOTOCOPIA A4 A BLANCO Y NEGRO,22,0.1,2.2,2026-05-05,EFECTIVO
VTA-0000442,DFF-0000000173,UTILES,PABILO GRANDE,1,1.2,1.2,2026-05-05,EFECTIVO
VTA-0000443,DFF-COP-A4BN,FOTOCOPIADORA,FOTOCOPIA A4 A BLANCO Y NEGRO,10,0.1,1.0,2026-05-05,EFECTIVO
VTA-0000444,7755033000055,UTILES,MICA FOTOSHECK HORIZONTAL 10.2 x 8.5 CM,1,0.5,0.5,2026-06-05,EFECTIVO
VTA-0000445,7750082001619,UTILES,TINTA AZUL PARA TAMPON ARTESCO 1 OZ,1,3.0,3.0,2026-06-05,YAPE
VTA-0000446,7754807720144,UTILES,SILICONA LIQUIDA MEDIANA VINIFAN 100 ML,1,4.0,4.0,2026-06-05,YAPE
VTA-0000446,DFF-0000000174,UTILES,PABILO PEQUEÑO,1,0.5,0.5,2026-06-05,YAPE
VTA-0000447,DFF-0000000018,UTILES,PAPEL DE SEDA COLOR MORADO,1,0.5,0.5,2026-06-05,EFECTIVO
VTA-0000448,DFF-0000000170,UTILES,CORBATA DE NIÑO AZULINO,1,3.0,3.0,2026-06-05,EFECTIVO
VTA-0000449,DFF-COP-A4CL,FOTOCOPIADORA,FOTOCOPIA A4 A COLOR,1,0.5,0.5,2026-06-05,EFECTIVO
VTA-0000450,7754807720137,UTILES,SILICONA LIQUIDA PEQUEÑA VINIFAN 30 ML,1,2.0,2.0,2026-06-05,EFECTIVO
VTA-0000451,DFF-COP-A4BN,FOTOCOPIADORA,FOTOCOPIA A4 A BLANCO Y NEGRO,18,0.08,1.4,2026-06-05,EFECTIVO
VTA-0000452,7754807720144,UTILES,SILICONA LIQUIDA MEDIANA VINIFAN 100 ML,1,4.0,4.0,2026-06-05,YAPE
VTA-0000453,DFF-0000000170,UTILES,CORBATA DE NIÑO AZULINO,2,3.0,6.0,2026-06-05,EFECTIVO
VTA-0000454,3013010066666,UTILES,PAPEL CREPE ROJO,2,1.0,2.0,2026-06-05,EFECTIVO
VTA-0000455,DFF-COP-A4BN,FOTOCOPIADORA,FOTOCOPIA A4 A BLANCO Y NEGRO,40,0.08,3.2,2026-06-05,EFECTIVO
VTA-0000456,7754111002905,UTILES,PLUMONES DELGADOS FABERCASTELL,1,8.0,8.0,2026-06-05,YAPE
VTA-0000457,DFF-IMP-FOTOCL,FOTOCOPIADORA,IMPRESION PAPEL FOTO A COLOR,1,2.0,2.0,2026-06-05,YAPE
VTA-0000458,DFF-0000000133,UTILES,BAJA LENGUA SIN COLOR,2,2.0,4.0,2026-06-05,EFECTIVO
VTA-0000459,2050000398674,UTILES,LAPICERO OVE ECONOMICO AZUL,1,1.0,1.0,2026-07-05,EFECTIVO
VTA-0000460,DFF-0000000156,UTILES,LIGAS,2,0.1,0.2,2026-07-05,YAPE
VTA-0000461,DFF-0000000170,UTILES,CORBATA DE NIÑO AZULINO,1,3.0,3.0,2026-07-05,EFECTIVO
VTA-0000461,DFF-0000000171,UTILES,CORBATA DE NIÑA AZULINO,1,3.0,3.0,2026-07-05,EFECTIVO
VTA-0000462,DFF-0000000078,UTILES,PINCEL ECONOMICO,1,1.0,1.0,2026-07-05,YAPE
VTA-0000463,DFF-IMP-A4CL,FOTOCOPIADORA,IMPRESION A4 A COLOR,1,1.0,1.0,2026-07-05,YAPE
VTA-0000464,DFF-COP-A4BN,FOTOCOPIADORA,FOTOCOPIA A4 A BLANCO Y NEGRO,18,0.1,1.8,2026-07-05,EFECTIVO
VTA-0000465,DFF-COP-A4BN,FOTOCOPIADORA,FOTOCOPIA A4 A BLANCO Y NEGRO,40,0.08,3.2,2026-07-05,EFECTIVO
VTA-0000466,DFF-0000000131,UTILES,SUPER BLUE,1,1.0,1.0,2026-07-05,EFECTIVO
VTA-0000467,DFF-0000000176,UTILES,MICROPOROSO ADHESIVO ESCARCHADO ROJO PLANCHA,2,4.0,8.0,2026-08-05,YAPE
VTA-0000468,DFF-0000000183,UTILES,GLOBO CON DISEÑO METALICO,1,2.0,2.0,2026-08-05,EFECTIVO
VTA-0000469,DFF-0000000184,UTILES,CINTA DE AGUA CON DISEÑO,1,4.0,4.0,2026-08-05,EFECTIVO
VTA-0000470,DFF-IMP-FOTOCL,FOTOCOPIADORA,IMPRESION PAPEL FOTO A COLOR,1,2.5,2.5,2026-08-05,YAPE
VTA-0000471,3013017070918,UTILES,SILICONA EN BARRA DELGADA,4,0.5,2.0,2026-08-05,YAPE
VTA-0000472,2050000398735,UTILES,LAPICERO OVE ECONOMICO ROJO,1,1.0,1.0,2026-11-05,EFECTIVO
VTA-0000472,2050000398674,UTILES,LAPICERO OVE ECONOMICO AZUL,1,1.0,1.0,2026-11-05,EFECTIVO
VTA-0000473,7750082003422,UTILES,LAPIZ 2B ARTESCO,1,1.0,1.0,2026-11-05,EFECTIVO
VTA-0000473,7750082003606,UTILES,CHEQUEO ROJO ARTESCO,1,1.0,1.0,2026-11-05,EFECTIVO
VTA-0000474,7750082207394,UTILES,REGLA DE 20 CM ARTESCO,1,1.0,1.0,2026-11-05,EFECTIVO
VTA-0000475,DFF-IMP-A4BN,FOTOCOPIADORA,IMPRESION A4 BLANCO Y NEGRO,1,0.5,0.5,2026-11-05,EFECTIVO
VTA-0000476,DFF-0000000171,UTILES,CORBATA DE NIÑA AZULINO,1,3.0,3.0,2026-11-05,EFECTIVO
VTA-0000477,DFF-0000000170,UTILES,CORBATA DE NIÑO AZULINO,1,3.0,3.0,2026-11-05,EFECTIVO
VTA-0000478,DFF-COP-A4BN,FOTOCOPIADORA,FOTOCOPIA A4 A BLANCO Y NEGRO,25,0.08,2.0,2026-11-05,EFECTIVO
VTA-0000479,DFF-COP-A4BN,FOTOCOPIADORA,FOTOCOPIA A4 A BLANCO Y NEGRO,60,0.08,4.8,2026-11-05,YAPE
VTA-0000479,DFF-IMP-A4BN,FOTOCOPIADORA,IMPRESION A4 BLANCO Y NEGRO,5,0.5,2.5,2026-11-05,YAPE
VTA-0000480,DFF-0000000073,UTILES,PAPELOTE CUADRICULADO,2,0.6,1.2,2026-11-05,EFECTIVO
VTA-0000481,DFF-0000000131,UTILES,SUPER BLUE,1,1.0,1.0,2026-11-05,EFECTIVO
VTA-0000482,7750082002623,UTILES,PLASTILINA JUMBO ARTESCO,1,5.5,5.5,2026-12-05,EFECTIVO
VTA-0000482,7754807080279,UTILES,MICA A4 VINIFAN,1,1.0,1.0,2026-12-05,EFECTIVO
VTA-0000483,DFF-0000000100,UTILES,PINCEL NUMERO 2,1,1.0,1.0,2026-12-05,EFECTIVO
VTA-0000483,DFF-0000000093,UTILES,PINCEL NUMERO 9,1,2.0,2.0,2026-12-05,EFECTIVO
VTA-0000484,DFF-0000000170,UTILES,CORBATA DE NIÑO AZULINO,1,3.0,3.0,2026-12-05,EFECTIVO
VTA-0000485,DFF-0000000073,UTILES,PAPELOTE CUADRICULADO,1,0.6,0.6,2026-12-05,EFECTIVO
VTA-0000486,7754111024259,UTILES,GOMA EN BARRA MEDIANA FABERCASTELL,1,3.0,3.0,2026-12-05,EFECTIVO
VTA-0000487,DFF-COP-A4BN,FOTOCOPIADORA,FOTOCOPIA A4 A BLANCO Y NEGRO,54,0.08,4.3,2026-12-05,EFECTIVO
VTA-0000488,DFF-COP-A4BN,FOTOCOPIADORA,FOTOCOPIA A4 A BLANCO Y NEGRO,31,0.08,2.5,2026-12-05,EFECTIVO
VTA-0000489,DFF-IMP-A4CL,FOTOCOPIADORA,IMPRESION A4 A COLOR,2,1.0,2.0,2026-12-05,YAPE
VTA-0000490,7751690115224,UTILES,CINTA MASKING TAPE SHURTAPE 1X15,2,2.0,4.0,2026-12-05,EFECTIVO
VTA-0000491,DFF-IMP-A4BN,FOTOCOPIADORA,IMPRESION A4 BLANCO Y NEGRO,3,0.5,1.5,2026-05-13,YAPE
VTA-0000492,7750082003712,UTILES,LIMPIATIPOS ARTESCO,1,3.0,3.0,2026-05-13,EFECTIVO
VTA-0000493,7754807771580,UTILES,CAJA DE TEMPERAS VINIFAN,1,8.0,8.0,2026-05-13,EFECTIVO
VTA-0000493,DFF-0000000075,UTILES,PAPELOTE RAYADO,1,0.6,0.6,2026-05-13,EFECTIVO
VTA-0000494,DFF-IMP-A3CL,FOTOCOPIADORA,IMPRESION A3 A COLOR,2,2.0,4.0,2026-05-13,EFECTIVO
VTA-0000495,DFF-0000000170,UTILES,CORBATA DE NIÑO AZULINO,1,3.0,3.0,2026-05-13,EFECTIVO
VTA-0000496,7754807771580,UTILES,CAJA DE TEMPERAS VINIFAN,1,8.0,8.0,2026-05-13,YAPE
VTA-0000497,DFF-0000000091,UTILES,PALETA,1,2.5,2.5,2026-05-13,YAPE
VTA-0000498,DFF-0000000091,UTILES,PALETA,1,2.5,2.5,2026-05-13,EFECTIVO
VTA-0000499,DFF-0000000186,UTILES,MANDIL DE PLASTICO,1,5.0,5.0,2026-05-13,EFECTIVO
VTA-0000500,DFF-COP-A4BN,FOTOCOPIADORA,FOTOCOPIA A4 A BLANCO Y NEGRO,45,0.08,3.6,2026-05-13,YAPE
VTA-0000501,DFF-0000000072,UTILES,PAPEL LUSTRE TURQUESA,4,0.6,2.4,2026-05-13,EFECTIVO
VTA-0000502,7754111019484,UTILES,CRAYOLA JUMBO FABERCASTELL,1,5.5,5.5,2026-05-13,YAPE
VTA-0000502,7754807720144,UTILES,SILICONA LIQUIDA MEDIANA VINIFAN 100 ML,1,4.0,4.0,2026-05-13,YAPE
VTA-0000502,DFF-0000000187,UTILES,CARTULINA CORRUGADA DORADA,1,3.0,3.0,2026-05-13,YAPE
VTA-0000503,7754111024273,UTILES,GOMA EN BARRA GRANDE FABERCASTELL,1,5.0,5.0,2026-05-14,EFECTIVO
VTA-0000504,7754807791182,UTILES,LIMPIATIPOS VINIFAN,1,3.0,3.0,2026-05-14,YAPE
VTA-0000504,7750082003606,UTILES,CHEQUEO ROJO ARTESCO,1,1.0,1.0,2026-05-14,YAPE
VTA-0000505,7754111024259,UTILES,GOMA EN BARRA MEDIANA FABERCASTELL,1,3.0,3.0,2026-05-14,YAPE
VTA-0000506,DFF-COP-A4BN,FOTOCOPIADORA,FOTOCOPIA A4 A BLANCO Y NEGRO,35,0.08,2.8,2026-05-14,EFECTIVO
VTA-0000507,7754111002905,UTILES,PLUMONES DELGADOS FABERCASTELL,1,8.0,8.0,2026-05-15,YAPE
VTA-0000507,7750082003606,UTILES,CHEQUEO ROJO ARTESCO,1,1.0,1.0,2026-05-15,YAPE
VTA-0000508,DFF-COP-A4BN,FOTOCOPIADORA,FOTOCOPIA A4 A BLANCO Y NEGRO,65,0.08,5.2,2026-05-15,EFECTIVO
VTA-0000509,DFF-0000000073,UTILES,PAPELOTE CUADRICULADO,3,0.6,1.8,2026-05-15,EFECTIVO
VTA-0000510,DFF-COP-A4BN,FOTOCOPIADORA,FOTOCOPIA A4 A BLANCO Y NEGRO,20,0.08,1.6,2026-05-15,YAPE
VTA-0000511,DFF-COP-A4BN,FOTOCOPIADORA,FOTOCOPIA A4 A BLANCO Y NEGRO,20,0.08,1.6,2026-05-15,EFECTIVO
VTA-0000512,DFF-0000000188,UTILES,GUANTE BLANCO GRANDE,3,3.0,9.0,2026-05-15,EFECTIVO
VTA-0000513,DFF-0000000132,UTILES,PALITOS DE CHUPETE SIN COLOR,1,1.5,1.5,2026-05-15,YAPE
VTA-0000514,DFF-IMP-A4BN,FOTOCOPIADORA,IMPRESION A4 BLANCO Y NEGRO,1,0.5,0.5,2026-05-15,YAPE
VTA-0000515,DFF-IMP-A4CL,FOTOCOPIADORA,IMPRESION A4 A COLOR,1,1.0,1.0,2026-05-18,EFECTIVO
VTA-0000516,DFF-0000000170,UTILES,CORBATA DE NIÑO AZULINO,1,3.0,3.0,2026-05-18,EFECTIVO
VTA-0000517,7754807771580,UTILES,CAJA DE TEMPERAS VINIFAN,1,8.0,8.0,2026-05-18,YAPE
VTA-0000517,DFF-0000000091,UTILES,PALETA,1,2.5,2.5,2026-05-18,YAPE
VTA-0000517,DFF-0000000097,UTILES,PINCEL NUMERO 5,1,2.0,2.0,2026-05-18,YAPE
VTA-0000518,DFF-COP-A4BN,FOTOCOPIADORA,FOTOCOPIA A4 A BLANCO Y NEGRO,1,0.1,0.1,2026-05-18,YAPE
VTA-0000519,DFF-0000000186,UTILES,MANDIL DE PLASTICO,1,6.0,6.0,2026-05-18,YAPE
VTA-0000520,7750082864320,UTILES,CAJA DE TEMPERAS ARTESCO,1,9.0,9.0,2026-05-18,EFECTIVO
VTA-0000521,DFF-IMP-FOTOCL,FOTOCOPIADORA,IMPRESION PAPEL FOTO A COLOR,1,2.0,2.0,2026-05-18,EFECTIVO
VTA-0000522,DFF-COP-A4BN,FOTOCOPIADORA,FOTOCOPIA A4 A BLANCO Y NEGRO,20,0.1,2.0,2026-05-18,YAPE
VTA-0000523,7750082062610,UTILES,BORRADOR ARTESCO BROCHA,1,3.0,3.0,2026-05-18,YAPE
VTA-0000523,4902505084560,UTILES,LAPICERO PUNTA FINA PILOT NEGRO,1,3.0,3.0,2026-05-18,YAPE
VTA-0000524,DFF-0000000170,UTILES,CORBATA DE NIÑO AZULINO,1,3.0,3.0,2026-05-18,EFECTIVO
VTA-0000525,7754111015882,UTILES,PLUMON NEGRO GRUESO DE PAPEL FABER CASTELL WINNER 47,1,2.0,2.0,2026-05-18,YAPE
VTA-0000525,7750082006133,UTILES,SILICONA LIQUIDA PEQUEÑA ARTESCO 30ML,1,2.0,2.0,2026-05-18,YAPE
VTA-0000526,PAPEL-BOND,UTILES,HOJA BOND A4 ATLAS,10,0.1,1.0,2026-05-18,YAPE
VTA-0000527,DFF-COP-A4BN,FOTOCOPIADORA,FOTOCOPIA A4 A BLANCO Y NEGRO,1,0.1,0.1,2026-05-18,EFECTIVO
VTA-0000528,7754807080279,UTILES,MICA A4 VINIFAN,1,1.0,1.0,2026-05-18,EFECTIVO
VTA-0000529,DFF-COP-A4BN,FOTOCOPIADORA,FOTOCOPIA A4 A BLANCO Y NEGRO,1,0.1,0.1,2026-05-18,EFECTIVO
VTA-0000530,DFF-0000000092,UTILES,PINCEL NUMERO 10,1,2.0,2.0,2026-05-19,EFECTIVO
VTA-0000530,DFF-0000000100,UTILES,PINCEL NUMERO 2,1,1.0,1.0,2026-05-19,EFECTIVO
VTA-0000531,2050000398704,UTILES,LAPICERO OVE ECONOMICO NEGRO,1,1.0,1.0,2026-05-19,EFECTIVO
VTA-0000532,DFF-COP-A4BN,FOTOCOPIADORA,FOTOCOPIA A4 A BLANCO Y NEGRO,1,0.1,0.1,2026-05-19,YAPE
VTA-0000533,2050000398704,UTILES,LAPICERO OVE ECONOMICO NEGRO,1,1.0,1.0,2026-05-19,EFECTIVO
VTA-0000534,2050000398674,UTILES,LAPICERO OVE ECONOMICO AZUL,1,1.0,1.0,2026-05-19,EFECTIVO
VTA-0000535,7750082003422,UTILES,LAPIZ 2B ARTESCO,1,1.0,1.0,2026-05-19,EFECTIVO
VTA-0000536,DFF-0000000189,UTILES,TABLA PERIODICA,1,2.5,2.5,2026-05-19,YAPE
VTA-0000537,DFF-0000000190,UTILES,BLOCK CUADRICULADO,1,3.0,3.0,2026-05-19,YAPE
VTA-0000538,DFF-0000000051,UTILES,CARTULINA CANSON NEGRA,1,1.5,1.5,2026-05-19,EFECTIVO
VTA-0000539,7750082005570,UTILES,CAJA DE CHINCHE DORADO ARTESCO,2,2.5,5.0,2026-05-19,EFECTIVO
VTA-0000540,7754111002905,UTILES,PLUMONES DELGADOS FABERCASTELL,1,8.0,8.0,2026-05-22,EFECTIVO
VTA-0000541,DFF-IMP-A4BN,FOTOCOPIADORA,IMPRESION A4 BLANCO Y NEGRO,14,0.5,7.0,2026-05-22,EFECTIVO
VTA-0000542,DFF-IMP-A4CL,FOTOCOPIADORA,IMPRESION A4 A COLOR,1,1.0,1.0,2026-05-22,YAPE
VTA-0000543,7754807080279,UTILES,MICA A4 VINIFAN,2,1.0,2.0,2026-05-22,EFECTIVO
VTA-0000544,DFF-COP-A4BN,FOTOCOPIADORA,FOTOCOPIA A4 A BLANCO Y NEGRO,7,0.1,0.7,2026-05-22,EFECTIVO
VTA-0000545,DFF-COP-A4BN,FOTOCOPIADORA,FOTOCOPIA A4 A BLANCO Y NEGRO,312,0.08,25.0,2026-05-22,YAPE
VTA-0000546,7754111024273,UTILES,GOMA EN BARRA GRANDE FABERCASTELL,1,5.0,5.0,2026-05-22,YAPE
VTA-0000547,DFF-0000000191,UTILES,PITO,1,1.0,1.0,2026-05-20,YAPE
VTA-0000548,DFF-0000000185,UTILES,CORBATA DE SECUNDARIA,1,5.0,5.0,2026-05-20,EFECTIVO
VTA-0000549,DFF-IMP-A4CL,FOTOCOPIADORA,IMPRESION A4 A COLOR,1,1.0,1.0,2026-05-20,EFECTIVO
VTA-0000550,2050000398704,UTILES,LAPICERO OVE ECONOMICO NEGRO,1,1.0,1.0,2026-05-20,EFECTIVO
VTA-0000551,7754807679008,UTILES,TAJADOR PLASTICO VINIFAN ESCUDO,1,2.5,2.5,2026-05-20,EFECTIVO
VTA-0000552,DFF-0000000191,UTILES,PITO,1,1.0,1.0,2026-05-20,EFECTIVO
VTA-0000553,DFF-0000000191,UTILES,PITO,1,1.0,1.0,2026-05-20,EFECTIVO
VTA-0000554,DFF-IMP-A4CL,FOTOCOPIADORA,IMPRESION A4 A COLOR,2,1.0,2.0,2026-05-20,YAPE
VTA-0000555,7750822012844,UTILES,CUADERNO STANDFORD TRIPLE RENGLON SOMBREADO A4 SIN STICKER,1,7.0,7.0,2026-05-20,YAPE
VTA-0000556,DFF-COP-A4BN,FOTOCOPIADORA,FOTOCOPIA A4 A BLANCO Y NEGRO,12,0.08,1.0,2026-05-20,EFECTIVO
VTA-0000557,DFF-IMP-FOTOCL,FOTOCOPIADORA,IMPRESION PAPEL FOTO A COLOR,1,2.0,2.0,2026-05-21,EFECTIVO
VTA-0000558,7750822014237,UTILES,CUADERNO CUADRICULADO A4 ATLAS,1,6.5,6.5,2026-05-21,EFECTIVO
VTA-0000558,9555684605603,UTILES,BORRADOR GRANDE BLANCO FABERCASTELL,1,1.5,1.5,2026-05-21,EFECTIVO
VTA-0000559,3013010067106,UTILES,PAPEL CREPE VERDE,1,1.0,1.0,2026-05-21,EFECTIVO
VTA-0000560,DFF-IMP-A4BN,FOTOCOPIADORA,IMPRESION A4 BLANCO Y NEGRO,3,0.5,1.5,2026-05-21,EFECTIVO
VTA-0000561,2050000398704,UTILES,LAPICERO OVE ECONOMICO NEGRO,1,1.0,1.0,2026-05-25,EFECTIVO
VTA-0000562,DFF-0000000080,UTILES,CARTULINA A4,1,0.5,0.5,2026-05-25,EFECTIVO
VTA-0000563,7750082003422,UTILES,LAPIZ 2B ARTESCO,1,1.0,1.0,2026-05-25,EFECTIVO
VTA-0000564,7750082003606,UTILES,CHEQUEO ROJO ARTESCO,1,1.0,1.0,2026-05-25,EFECTIVO
VTA-0000565,DFF-0000000170,UTILES,CORBATA DE NIÑO AZULINO,1,3.0,3.0,2026-05-25,YAPE
VTA-0000566,DFF-0000000170,UTILES,CORBATA DE NIÑO AZULINO,2,3.0,6.0,2026-05-25,YAPE
VTA-0000567,DFF-0000000171,UTILES,CORBATA DE NIÑA AZULINO,1,3.0,3.0,2026-05-25,YAPE
VTA-0000568,7750082003712,UTILES,LIMPIATIPOS ARTESCO,1,3.0,3.0,2026-05-25,EFECTIVO
VTA-0000569,7750822012370,UTILES,CUADERNO STANDFORD CUADRICULADO A4 SIN STICKER,1,6.5,6.5,2026-05-25,EFECTIVO
VTA-0000570,DFF-0000000192,UTILES,BILLETE Y MONEDA DE CARTON PLANCHA A4,4,1.75,7.0,2026-05-26,EFECTIVO
VTA-0000571,DFF-0000000189,UTILES,TABLA PERIODICA,1,2.5,2.5,2026-05-26,EFECTIVO
VTA-0000572,7750082864320,UTILES,CAJA DE TEMPERAS ARTESCO,1,9.0,9.0,2026-05-26,EFECTIVO
VTA-0000573,DFF-0000000100,UTILES,PINCEL NUMERO 2,1,1.0,1.0,2026-05-26,EFECTIVO
VTA-0000573,DFF-0000000099,UTILES,PINCEL NUMERO 3,1,1.0,1.0,2026-05-26,EFECTIVO
VTA-0000573,DFF-0000000092,UTILES,PINCEL NUMERO 10,2,1.8,3.6,2026-05-26,EFECTIVO
VTA-0000573,77501943,UTILES,TEMPERA SUELTA BLANCA DAVID,1,1.9,1.9,2026-05-26,EFECTIVO
VTA-0000574,DFF-0000000131,UTILES,SUPER BLUE,1,1.0,1.0,2026-05-26,YAPE
VTA-0000575,DFF-COP-A4BN,FOTOCOPIADORA,FOTOCOPIA A4 A BLANCO Y NEGRO,58,0.08,4.6,2026-05-26,EFECTIVO
VTA-0000576,DFF-COP-A4BN,FOTOCOPIADORA,FOTOCOPIA A4 A BLANCO Y NEGRO,12,0.08,1.0,2026-05-26,EFECTIVO
VTA-0000577,DFF-COP-A4BN,FOTOCOPIADORA,FOTOCOPIA A4 A BLANCO Y NEGRO,39,0.08,3.1,2026-05-26,EFECTIVO
VTA-0000578,DFF-IMP-A4BN,FOTOCOPIADORA,IMPRESION A4 BLANCO Y NEGRO,1,0.5,0.5,2026-05-26,EFECTIVO
VTA-0000579,DFF-IMP-A4BN,FOTOCOPIADORA,IMPRESION A4 BLANCO Y NEGRO,1,0.5,0.5,2026-05-26,EFECTIVO
VTA-0000580,7754111024273,UTILES,GOMA EN BARRA GRANDE FABERCASTELL,1,5.0,5.0,2026-05-26,YAPE
VTA-0000581,DFF-COP-DNIBN,FOTOCOPIADORA,FOTOCOPIA DNI BLANCO Y NEGRO,5,0.2,1.0,2026-05-27,EFECTIVO
VTA-0000582,DFF-COP-DNICL,FOTOCOPIADORA,FOTOCOPIA DNI A COLOR,2,0.5,1.0,2026-05-27,YAPE
VTA-0000583,7754111018333,UTILES,PLUMON PIZARRA AZUL FABERCASTELL,1,2.5,2.5,2026-05-27,YAPE
VTA-0000583,7754111032285,UTILES,PLUMON PIZARRA NEGRO FABERCASTELL,1,2.5,2.5,2026-05-27,YAPE
VTA-0000584,7750082003422,UTILES,LAPIZ 2B ARTESCO,1,1.0,1.0,2026-05-27,EFECTIVO
VTA-0000584,7750082003606,UTILES,CHEQUEO ROJO ARTESCO,1,1.0,1.0,2026-05-27,EFECTIVO
VTA-0000585,7754111131070,UTILES,CAJA DE TEMPERAS FABERCASTELL,1,9.0,9.0,2026-05-27,EFECTIVO
VTA-0000586,DFF-0000000131,UTILES,SUPER BLUE,1,1.0,1.0,2026-05-27,EFECTIVO
VTA-0000587,DFF-0000000170,UTILES,CORBATA DE NIÑO AZULINO,1,3.0,3.0,2026-05-28,YAPE
VTA-0000588,DFF-0000000170,UTILES,CORBATA DE NIÑO AZULINO,1,3.0,3.0,2026-05-28,EFECTIVO
VTA-0000589,7754807679008,UTILES,TAJADOR PLASTICO VINIFAN ESCUDO,1,2.5,2.5,2026-05-28,YAPE
VTA-0000589,9555684605634,UTILES,BORRADOR PEQUEÑO BLANCO FABERCASTELL,1,1.0,1.0,2026-05-28,YAPE
VTA-0000590,7750082207424,UTILES,REGLA DE 30 CM ARTESCO,1,1.5,1.5,2026-05-28,YAPE
VTA-0000590,9555684605603,UTILES,BORRADOR GRANDE BLANCO FABERCASTELL,1,1.5,1.5,2026-05-28,YAPE
VTA-0000591,2050000398674,UTILES,LAPICERO OVE ECONOMICO AZUL,4,1.0,4.0,2026-05-28,YAPE
VTA-0000591,7750082003422,UTILES,LAPIZ 2B ARTESCO,1,1.0,1.0,2026-05-28,YAPE
VTA-0000592,DFF-COP-A4BN,FOTOCOPIADORA,FOTOCOPIA A4 A BLANCO Y NEGRO,84,0.08,6.7,2026-05-28,EFECTIVO
VTA-0000593,DFF-COP-A4BN,FOTOCOPIADORA,FOTOCOPIA A4 A BLANCO Y NEGRO,54,0.08,4.3,2026-05-28,EFECTIVO
VTA-0000594,DFF-COP-A4BN,FOTOCOPIADORA,FOTOCOPIA A4 A BLANCO Y NEGRO,20,0.08,1.6,2026-05-28,YAPE
VTA-0000595,DFF-COP-A4BN,FOTOCOPIADORA,FOTOCOPIA A4 A BLANCO Y NEGRO,26,0.08,2.1,2026-05-28,EFECTIVO
VTA-0000596,2050000398674,UTILES,LAPICERO OVE ECONOMICO AZUL,1,1.0,1.0,2026-05-28,EFECTIVO
VTA-0000597,7750049011194,UTILES,CUADERNO SURCO CUADRICULADO A5,1,3.0,3.0,2026-05-28,YAPE
VTA-0000598,DFF-0000000188,UTILES,GUANTE BLANCO GRANDE,1,3.0,3.0,2026-01-06,EFECTIVO
VTA-0000599,3013017826171,UTILES,LAPIZ JUMBO OVE,1,2.0,2.0,2026-01-06,YAPE
VTA-0000599,7750082002135,UTILES,LAPIZ TECNICO ARTESCO,1,2.0,2.0,2026-01-06,YAPE
VTA-0000600,DFF-COP-A4BN,FOTOCOPIADORA,FOTOCOPIA A4 A BLANCO Y NEGRO,115,0.08,9.2,2026-01-06,YAPE
VTA-0000601,DFF-COP-A4BN,FOTOCOPIADORA,FOTOCOPIA A4 A BLANCO Y NEGRO,175,0.08,14.0,2026-01-06,EFECTIVO
VTA-0000601,DFF-IMP-A4BN,FOTOCOPIADORA,IMPRESION A4 BLANCO Y NEGRO,8,0.5,4.0,2026-01-06,EFECTIVO
VTA-0000602,7754111032285,UTILES,PLUMON PIZARRA NEGRO FABERCASTELL,1,2.5,2.5,2026-01-06,YAPE
VTA-0000603,DFF-0000000080,UTILES,CARTULINA A4,2,0.5,1.0,2026-02-06,EFECTIVO
VTA-0000603,DFF-0000000108,UTILES,HOJA DE COLOR CELESTE PASTEL,3,0.2,0.6,2026-02-06,EFECTIVO
VTA-0000603,PAPEL-BOND,UTILES,HOJA BOND A4 ATLAS,4,0.1,0.4,2026-02-06,EFECTIVO
VTA-0000604,DFF-0000000080,UTILES,CARTULINA A4,2,0.5,1.0,2026-02-06,YAPE
VTA-0000604,DFF-0000000108,UTILES,HOJA DE COLOR CELESTE PASTEL,3,0.2,0.6,2026-02-06,YAPE
VTA-0000605,DFF-0000000131,UTILES,SUPER BLUE,1,1.0,1.0,2026-02-06,EFECTIVO
VTA-0000606,9555684605603,UTILES,BORRADOR GRANDE BLANCO FABERCASTELL,1,1.5,1.5,2026-02-06,YAPE
VTA-0000607,DFF-0000000108,UTILES,HOJA DE COLOR CELESTE PASTEL,3,0.2,0.6,2026-02-06,YAPE
VTA-0000607,PAPEL-BOND,UTILES,HOJA BOND A4 ATLAS,3,0.1,0.3,2026-02-06,YAPE
VTA-0000608,9555684605634,UTILES,BORRADOR PEQUEÑO BLANCO FABERCASTELL,1,1.0,1.0,2026-02-06,EFECTIVO
VTA-0000609,2050000398674,UTILES,LAPICERO OVE ECONOMICO AZUL,1,1.0,1.0,2026-02-06,EFECTIVO
VTA-0000610,7755354016070,UTILES,CUADERNO ALPHA 1X1 A4,1,6.5,6.5,2026-02-06,EFECTIVO
VTA-0000611,DFF-0000000139,UTILES,MICROPOROSO ESCARCHADO A4 PLATEADO,1,2.0,2.0,2026-02-06,EFECTIVO
VTA-0000611,DFF-0000000144,UTILES,MICROPOROSO ESCARCHADO A4 BLANCO,1,2.0,2.0,2026-02-06,EFECTIVO
VTA-0000611,DFF-0000000146,UTILES,MICROPOROSO ESCARCHADO A4 AZUL,1,2.0,2.0,2026-02-06,EFECTIVO
VTA-0000611,DFF-0000000138,UTILES,MICROPOROSO ESCARCHADO A4 DORADO,1,2.0,2.0,2026-02-06,EFECTIVO
VTA-0000611,7754807720137,UTILES,SILICONA LIQUIDA PEQUEÑA VINIFAN 30 ML,2,2.0,4.0,2026-02-06,EFECTIVO
VTA-0000611,DFF-0000000193,UTILES,MICROPOROSO A4,2,1.0,2.0,2026-02-06,EFECTIVO
VTA-0000611,DFF-0000000080,UTILES,CARTULINA A4,2,1.0,2.0,2026-02-06,EFECTIVO
VTA-0000611,DFF-0000000108,UTILES,HOJA DE COLOR CELESTE PASTEL,3,0.5,1.5,2026-02-06,EFECTIVO
VTA-0000611,PAPEL-BOND,UTILES,HOJA BOND A4 ATLAS,5,0.1,0.5,2026-02-06,EFECTIVO
VTA-0000612,DFF-COP-A4BN,FOTOCOPIADORA,FOTOCOPIA A4 A BLANCO Y NEGRO,34,0.08,2.7,2026-02-06,EFECTIVO
VTA-0000613,DFF-COP-A4BN,FOTOCOPIADORA,FOTOCOPIA A4 A BLANCO Y NEGRO,52,0.08,4.2,2026-02-06,YAPE
VTA-0000614,DFF-0000000131,UTILES,SUPER BLUE,1,1.0,1.0,2026-02-06,YAPE
VTA-0000615,DFF-COP-A4BN,FOTOCOPIADORA,FOTOCOPIA A4 A BLANCO Y NEGRO,88,0.08,7.0,2026-02-06,YAPE
VTA-0000616,DFF-COP-A4BN,FOTOCOPIADORA,FOTOCOPIA A4 A BLANCO Y NEGRO,115,0.08,9.2,2026-02-06,YAPE
VTA-0000617,7754111032285,UTILES,PLUMON PIZARRA NEGRO FABERCASTELL,1,2.5,2.5,2026-02-06,YAPE
VTA-0000618,DFF-COP-A4BN,FOTOCOPIADORA,FOTOCOPIA A4 A BLANCO Y NEGRO,12,0.08,1.0,2026-02-06,EFECTIVO
VTA-0000619,DFF-IMP-A4CL,FOTOCOPIADORA,IMPRESION A4 A COLOR,6,1.0,6.0,2026-02-06,EFECTIVO
VTA-0000620,PAPEL-BOND,UTILES,HOJA BOND A4 ATLAS,1,0.07,0.1,2026-02-06,EFECTIVO
VTA-0000621,DFF-0000000125,UTILES,MICA A5 ARTESCO,1,0.5,0.5,2026-07-06,EFECTIVO
VTA-0000622,DFF-0000000139,UTILES,MICROPOROSO ESCARCHADO A4 PLATEADO,1,1.5,1.5,2026-07-06,YAPE
VTA-0000622,DFF-0000000146,UTILES,MICROPOROSO ESCARCHADO A4 AZUL,1,1.5,1.5,2026-07-06,YAPE
VTA-0000622,DFF-0000000194,UTILES,MICROPOROSO ESCARCHADO A4 NEGRO,1,1.5,1.5,2026-07-06,YAPE
VTA-0000623,7754807720137,UTILES,SILICONA LIQUIDA PEQUEÑA VINIFAN 30 ML,1,2.0,2.0,2026-07-06,YAPE
VTA-0000624,3013017958285,UTILES,TIJERAS ECONOMICAS YIMI,1,1.5,1.5,2026-07-06,YAPE
VTA-0000625,7750082399877,UTILES,TRANSPORTADOR ARTESCO 9CM,1,1.0,1.0,2026-07-06,EFECTIVO
VTA-0000626,DFF-0000000194,UTILES,MICROPOROSO ESCARCHADO A4 NEGRO,2,1.5,3.0,2026-07-06,EFECTIVO
VTA-0000626,DFF-0000000139,UTILES,MICROPOROSO ESCARCHADO A4 PLATEADO,1,1.5,1.5,2026-07-06,EFECTIVO
VTA-0000626,DFF-0000000146,UTILES,MICROPOROSO ESCARCHADO A4 AZUL,2,1.5,3.0,2026-07-06,EFECTIVO
VTA-0000626,3013017958285,UTILES,TIJERAS ECONOMICAS YIMI,1,1.0,1.0,2026-07-06,EFECTIVO
VTA-0000626,7754807720137,UTILES,SILICONA LIQUIDA PEQUEÑA VINIFAN 30 ML,1,2.0,2.0,2026-07-06,EFECTIVO
VTA-0000627,7754111532037,UTILES,LAPICERO FABERCASTELL ECONOMICO NEGRO TRILUX 032,1,1.0,1.0,2026-07-06,YAPE
VTA-0000628,DFF-COP-A4BN,FOTOCOPIADORA,FOTOCOPIA A4 A BLANCO Y NEGRO,58,0.08,4.6,2026-07-06,EFECTIVO
VTA-0000629,DFF-COP-A4BN,FOTOCOPIADORA,FOTOCOPIA A4 A BLANCO Y NEGRO,109,0.08,8.7,2026-07-06,EFECTIVO
VTA-0000630,7750737360665,UTILES,FOLDER MANILA NATURAL A4,1,1.0,1.0,2026-07-06,EFECTIVO
VTA-0000630,7750082015371,UTILES,FASTER ARTESCO DE METAL,1,0.5,0.5,2026-07-06,EFECTIVO
VTA-0000630,DFF-0000000195,UTILES,SOBRE MANILA A4,1,1.0,1.0,2026-07-06,EFECTIVO
VTA-0000631,7754111015707,UTILES,PLUMON ROJO GRUESO DE PAPEL FABER CASTELL WINNER 47,1,2.0,2.0,2026-07-06,EFECTIVO
VTA-0000632,7750082003422,UTILES,LAPIZ 2B ARTESCO,2,1.0,2.0,2026-07-06,YAPE
VTA-0000632,7750082003606,UTILES,CHEQUEO ROJO ARTESCO,2,1.0,2.0,2026-07-06,YAPE
VTA-0000632,PAPEL-BOND,UTILES,HOJA BOND A4 ATLAS,20,0.1,2.0,2026-07-06,YAPE
VTA-0000633,7750082002623,UTILES,PLASTILINA JUMBO ARTESCO,1,5.5,5.5,2026-07-06,YAPE
VTA-0000634,DFF-0000000194,UTILES,MICROPOROSO ESCARCHADO A4 NEGRO,2,1.5,3.0,2026-07-06,EFECTIVO
VTA-0000634,DFF-0000000139,UTILES,MICROPOROSO ESCARCHADO A4 PLATEADO,2,1.5,3.0,2026-07-06,EFECTIVO
VTA-0000634,DFF-0000000146,UTILES,MICROPOROSO ESCARCHADO A4 AZUL,2,1.5,3.0,2026-07-06,EFECTIVO
VTA-0000634,DFF-0000000138,UTILES,MICROPOROSO ESCARCHADO A4 DORADO,1,1.5,1.5,2026-07-06,EFECTIVO
VTA-0000634,7754807720137,UTILES,SILICONA LIQUIDA PEQUEÑA VINIFAN 30 ML,1,2.0,2.0,2026-07-06,EFECTIVO
VTA-0000635,7754807080279,UTILES,MICA A4 VINIFAN,1,1.0,1.0,2026-07-06,EFECTIVO
VTA-0000636,DFF-COP-A4BN,FOTOCOPIADORA,FOTOCOPIA A4 A BLANCO Y NEGRO,40,0.08,3.2,2026-07-06,EFECTIVO
VTA-0000637,DFF-COP-A4BN,FOTOCOPIADORA,FOTOCOPIA A4 A BLANCO Y NEGRO,36,0.08,2.9,2026-07-06,YAPE
VTA-0000638,7750049008453,UTILES,SKETCH BOOK SURCO,1,6.5,6.5,2026-07-06,YAPE
VTA-0000639,DFF-0000000137,UTILES,MICROPOROSO ESCARCHADO A4 MARRON,1,1.5,1.5,2026-07-06,EFECTIVO
VTA-0000639,DFF-0000000089,UTILES,HOJA DE COLOR MORADO,2,0.2,0.4,2026-07-06,EFECTIVO
VTA-0000639,8993282453638,UTILES,HOJA DE COLOR AMARILLO NEÓN,2,0.2,0.4,2026-07-06,EFECTIVO
VTA-0000639,DFF-0000000088,UTILES,HOJA DE COLOR FUCSIA,2,0.2,0.4,2026-07-06,EFECTIVO
VTA-0000639,DFF-0000000087,UTILES,HOJA DE COLOR MARRÓN,2,0.2,0.4,2026-07-06,EFECTIVO
VTA-0000639,DFF-0000000101,UTILES,HOJA DE COLOR NEGRO,2,0.2,0.4,2026-07-06,EFECTIVO
VTA-0000639,DFF-0000000102,UTILES,HOJA DE COLOR AZUL,2,0.2,0.4,2026-07-06,EFECTIVO
VTA-0000639,DFF-0000000103,UTILES,HOJA DE COLOR VERDE OSCURO,2,0.2,0.4,2026-07-06,EFECTIVO
VTA-0000639,DFF-0000000104,UTILES,HOJA DE COLOR LILA,2,0.2,0.4,2026-07-06,EFECTIVO
VTA-0000639,DFF-0000000105,UTILES,HOJA DE COLOR ROJO,2,0.2,0.4,2026-07-06,EFECTIVO
VTA-0000639,DFF-0000000106,UTILES,HOJA DE COLOR VERDE NEON,2,0.2,0.4,2026-07-06,EFECTIVO
VTA-0000639,DFF-0000000107,UTILES,HOJA DE COLOR AMARILLO PASTEL,2,0.2,0.4,2026-07-06,EFECTIVO
VTA-0000639,DFF-0000000108,UTILES,HOJA DE COLOR CELESTE PASTEL,2,0.2,0.4,2026-07-06,EFECTIVO
VTA-0000639,DFF-0000000109,UTILES,HOJA DE COLOR ANARANJADO,2,0.2,0.4,2026-07-06,EFECTIVO
VTA-0000639,DFF-0000000124,UTILES,HOJA DE COLOR TURQUEZA,2,0.2,0.4,2026-07-06,EFECTIVO
VTA-0000639,DFF-0000000123,UTILES,HOJA DE COLOR VERDE,2,0.2,0.4,2026-07-06,EFECTIVO
VTA-0000640,DFF-IMP-A4CL,FOTOCOPIADORA,IMPRESION A4 A COLOR,1,1.0,1.0,2026-07-06,EFECTIVO
VTA-0000641,7750082003422,UTILES,LAPIZ 2B ARTESCO,1,1.0,1.0,2026-07-06,EFECTIVO
VTA-0000642,DFF-0000000080,UTILES,CARTULINA A4,2,0.5,1.0,2026-07-06,EFECTIVO
VTA-0000643,7754111032162,UTILES,PLUMON PIZARRA ROJO FABERCASTELL,1,2.5,2.5,2026-07-06,EFECTIVO
VTA-0000644,7754111018333,UTILES,PLUMON PIZARRA AZUL FABERCASTELL,1,2.5,2.5,2026-07-06,YAPE
VTA-0000645,2050000398735,UTILES,LAPICERO OVE ECONOMICO ROJO,1,1.0,1.0,2026-07-06,EFECTIVO
VTA-0000645,2050000398674,UTILES,LAPICERO OVE ECONOMICO AZUL,1,1.0,1.0,2026-07-06,EFECTIVO
VTA-0000645,2050000398704,UTILES,LAPICERO OVE ECONOMICO NEGRO,1,1.0,1.0,2026-07-06,EFECTIVO
VTA-0000645,9555684605634,UTILES,BORRADOR PEQUEÑO BLANCO FABERCASTELL,1,1.0,1.0,2026-07-06,EFECTIVO
VTA-0000646,6947860582304,UTILES,PERFORADOR ECONOMICO,1,6.0,6.0,2026-07-06,EFECTIVO
VTA-0000647,DFF-0000000194,UTILES,MICROPOROSO ESCARCHADO A4 NEGRO,2,1.5,3.0,2026-07-06,YAPE
VTA-0000647,DFF-0000000139,UTILES,MICROPOROSO ESCARCHADO A4 PLATEADO,2,1.5,3.0,2026-07-06,YAPE
VTA-0000647,DFF-0000000146,UTILES,MICROPOROSO ESCARCHADO A4 AZUL,2,1.5,3.0,2026-07-06,YAPE
VTA-0000647,7750082006140,UTILES,SILICONA LIQUIDA MEDIANA ARTESCO 100ML,1,4.0,4.0,2026-07-06,YAPE
VTA-0000648,PAPEL-BOND,UTILES,HOJA BOND A4 ATLAS,15,0.1,1.5,2026-07-06,EFECTIVO
VTA-0000649,DFF-0000000089,UTILES,HOJA DE COLOR MORADO,2,0.2,0.4,2026-07-06,EFECTIVO
VTA-0000649,8993282453638,UTILES,HOJA DE COLOR AMARILLO NEÓN,1,0.2,0.2,2026-07-06,EFECTIVO
VTA-0000649,DFF-0000000088,UTILES,HOJA DE COLOR FUCSIA,2,0.2,0.4,2026-07-06,EFECTIVO
VTA-0000650,7754807720144,UTILES,SILICONA LIQUIDA MEDIANA VINIFAN 100 ML,1,4.0,4.0,2026-07-06,YAPE
VTA-0000651,2050000398704,UTILES,LAPICERO OVE ECONOMICO NEGRO,1,1.0,1.0,2026-07-06,EFECTIVO
VTA-0000652,7750082062610,UTILES,BORRADOR ARTESCO BROCHA,1,3.0,3.0,2026-07-06,EFECTIVO
VTA-0000653,7750822012844,UTILES,CUADERNO STANDFORD TRIPLE RENGLON SOMBREADO A4 SIN STICKER,1,6.5,6.5,2026-07-06,EFECTIVO
VTA-0000654,7750822012844,UTILES,CUADERNO STANDFORD TRIPLE RENGLON SOMBREADO A4 SIN STICKER,1,6.5,6.5,2026-07-06,EFECTIVO
VTA-0000655,DFF-0000000080,UTILES,CARTULINA A4,2,0.5,1.0,2026-07-06,EFECTIVO
VTA-0000656,DFF-0000000108,UTILES,HOJA DE COLOR CELESTE PASTEL,3,0.2,0.6,2026-07-06,EFECTIVO
VTA-0000657,7754807720144,UTILES,SILICONA LIQUIDA MEDIANA VINIFAN 100 ML,1,4.0,4.0,2026-07-06,YAPE
VTA-0000658,DFF-0000000080,UTILES,CARTULINA A4,2,1.0,2.0,2026-07-06,EFECTIVO
VTA-0000659,7750082006133,UTILES,SILICONA LIQUIDA PEQUEÑA ARTESCO 30ML,1,2.0,2.0,2026-07-06,EFECTIVO
VTA-0000659,DFF-0000000194,UTILES,MICROPOROSO ESCARCHADO A4 NEGRO,2,1.5,3.0,2026-07-06,EFECTIVO
VTA-0000659,DFF-0000000139,UTILES,MICROPOROSO ESCARCHADO A4 PLATEADO,1,1.5,1.5,2026-07-06,EFECTIVO
VTA-0000659,DFF-0000000146,UTILES,MICROPOROSO ESCARCHADO A4 AZUL,2,1.5,3.0,2026-07-06,EFECTIVO
VTA-0000660,7750082001619,UTILES,TINTA AZUL PARA TAMPON ARTESCO 1 OZ,1,3.0,3.0,2026-07-06,YAPE
VTA-0000661,DFF-COP-A4BN,FOTOCOPIADORA,FOTOCOPIA A4 A BLANCO Y NEGRO,49,0.08,3.9,2026-07-06,EFECTIVO
VTA-0000662,7754807080279,UTILES,MICA A4 VINIFAN,2,1.0,2.0,2026-07-06,EFECTIVO
VTA-0000663,7754807720137,UTILES,SILICONA LIQUIDA PEQUEÑA VINIFAN 30 ML,1,2.0,2.0,2026-07-06,YAPE
VTA-0000664,7750082037328,UTILES,REGLA CIRCULAR ARTESCO,1,1.5,1.5,2026-07-06,EFECTIVO
VTA-0000665,DFF-0000000196,UTILES,BANDERA DE PAPEL - PERÚ,1,1.5,1.5,2026-07-06,EFECTIVO
VTA-0000666,DFF-0000000197,UTILES,BANDERA DE TELA - PERÚ,1,2.0,2.0,2026-07-06,EFECTIVO
VTA-0000667,7754005018623,UTILES,CINTA DE ESCRITORIO PEQUEÑA,1,1.0,1.0,2026-07-06,EFECTIVO
VTA-0000668,DFF-0000000196,UTILES,BANDERA DE PAPEL - PERÚ,1,1.5,1.5,2026-07-06,YAPE
VTA-0000669,DFF-COP-A4BN,FOTOCOPIADORA,FOTOCOPIA A4 A BLANCO Y NEGRO,24,0.08,1.9,2026-07-06,EFECTIVO
VTA-0000670,7750082003422,UTILES,LAPIZ 2B ARTESCO,1,1.0,1.0,2026-07-06,YAPE
VTA-0000671,6901234567908,UTILES,CUTER,1,1.5,1.5,2026-07-06,EFECTIVO
VTA-0000672,DFF-COP-A4BN,FOTOCOPIADORA,FOTOCOPIA A4 A BLANCO Y NEGRO,9,0.08,0.7,2026-07-06,EFECTIVO
VTA-0000673,DFF-COP-A4BN,FOTOCOPIADORA,FOTOCOPIA A4 A BLANCO Y NEGRO,5,0.1,0.5,2026-07-06,EFECTIVO
VTA-0000674,3013017958285,UTILES,TIJERAS ECONOMICAS YIMI,1,1.5,1.5,2026-07-06,EFECTIVO
VTA-0000675,DFF-COP-A4BN,FOTOCOPIADORA,FOTOCOPIA A4 A BLANCO Y NEGRO,230,0.08,18.4,2026-07-06,YAPE
VTA-0000676,DFF-IMP-A4CL,FOTOCOPIADORA,IMPRESION A4 A COLOR,25,1.0,25.0,2026-07-06,YAPE
VTA-0000677,DFF-IMP-FOTOCL,FOTOCOPIADORA,IMPRESION PAPEL FOTO A COLOR,4,2.0,8.0,2026-07-06,YAPE
VTA-0000678,DFF-IMP-A3CL,FOTOCOPIADORA,IMPRESION A3 A COLOR,1,2.0,2.0,2026-07-06,YAPE
VTA-0000678,DFF-COP-A4BN,FOTOCOPIADORA,FOTOCOPIA A4 A BLANCO Y NEGRO,204,0.08,16.3,2026-07-06,YAPE
VTA-0000679,7754111654104,UTILES,PLUMON INDELEBLE GRUESO AZUL FABER CASTELL WINNER 54,1,4.0,4.0,2026-07-06,YAPE
VTA-0000679,7754111654401,UTILES,PLUMON INDELEBLE GURESO VERDE FABER CASTELL WINNER 54,1,4.0,4.0,2026-07-06,YAPE
VTA-0000679,7754111652209,UTILES,PLUMON INDELEBLE GRUESO ROJO FABER CASTELL WINNER 52,1,4.0,4.0,2026-07-06,YAPE
VTA-0000679,DFF-0000000049,UTILES,CARTULINA ECONOMICA ROJA,1,1.0,1.0,2026-07-06,YAPE
VTA-0000679,DFF-0000000051,UTILES,CARTULINA CANSON NEGRA,1,1.4,1.4,2026-07-06,YAPE
VTA-0000679,DFF-0000000054,UTILES,CARTULINA CANSON VERDE HOJA,1,1.2,1.2,2026-07-06,YAPE
VTA-0000679,DFF-0000000030,UTILES,CARTULINA BLANCA,1,1.0,1.0,2026-07-06,YAPE
VTA-0000679,HOJA-COLORES,UTILES,HOJA DE COLORES,2,0.25,0.5,2026-07-06,YAPE
VTA-0000679,DFF-0000000052,UTILES,CARTULINA CANSON AMARILLA,1,1.2,1.2,2026-07-06,YAPE
VTA-0000679,DFF-0000000080,UTILES,CARTULINA A4,2,0.5,1.0,2026-07-06,YAPE
VTA-0000679,DFF-0000000147,UTILES,MICROPOROSO ECARCHADO A4 ROJO CON LETRAS,1,2.0,2.0,2026-07-06,YAPE
VTA-0000680,7754111024259,UTILES,GOMA EN BARRA MEDIANA FABERCASTELL,1,3.0,3.0,2026-12-06,EFECTIVO
VTA-0000681,DFF-0000000170,UTILES,CORBATA DE NIÑO AZULINO,1,3.0,3.0,2026-12-06,EFECTIVO
VTA-0000682,DFF-0000000143,UTILES,MICROPOROSO ESCARCHADO A4 ROJO,1,1.5,1.5,2026-12-06,YAPE
VTA-0000682,DFF-0000000146,UTILES,MICROPOROSO ESCARCHADO A4 AZUL,1,1.5,1.5,2026-12-06,YAPE
VTA-0000682,DFF-0000000198,UTILES,MICROPOROSO ESCARCHADO A4 BLANCO,1,1.5,1.5,2026-12-06,YAPE
VTA-0000683,DFF-0000000146,UTILES,MICROPOROSO ESCARCHADO A4 AZUL,1,1.5,1.5,2026-12-06,EFECTIVO
VTA-0000683,DFF-0000000143,UTILES,MICROPOROSO ESCARCHADO A4 ROJO,1,1.5,1.5,2026-12-06,EFECTIVO
VTA-0000683,DFF-0000000198,UTILES,MICROPOROSO ESCARCHADO A4 BLANCO,1,1.5,1.5,2026-12-06,EFECTIVO
VTA-0000683,7754807720137,UTILES,SILICONA LIQUIDA PEQUEÑA VINIFAN 30 ML,1,2.3,2.3,2026-12-06,EFECTIVO
VTA-0000684,DFF-COP-A4BN,FOTOCOPIADORA,FOTOCOPIA A4 A BLANCO Y NEGRO,2,0.1,0.2,2026-12-06,EFECTIVO
VTA-0000685,DFF-COP-A4BN,FOTOCOPIADORA,FOTOCOPIA A4 A BLANCO Y NEGRO,80,0.08,6.4,2026-12-06,EFECTIVO
VTA-0000686,DFF-0000000199,UTILES,ALGODÓN,1,1.5,1.5,2026-12-06,EFECTIVO
VTA-0000687,DFF-COP-A4BN,FOTOCOPIADORA,FOTOCOPIA A4 A BLANCO Y NEGRO,34,0.08,2.7,2026-12-06,EFECTIVO
VTA-0000688,DFF-0000000080,UTILES,CARTULINA A4,1,0.5,0.5,2026-12-06,YAPE
VTA-0000688,PAPEL-BOND,UTILES,HOJA BOND A4 ATLAS,2,0.1,0.2,2026-12-06,YAPE
VTA-0000689,DFF-0000000188,UTILES,GUANTE BLANCO GRANDE,1,3.0,3.0,2026-12-06,EFECTIVO
VTA-0000690,DFF-0000000188,UTILES,GUANTE BLANCO GRANDE,1,3.0,3.0,2026-12-06,YAPE
VTA-0000691,DFF-0000000188,UTILES,GUANTE BLANCO GRANDE,1,3.0,3.0,2026-12-06,YAPE
VTA-0000692,7754111002905,UTILES,PLUMONES DELGADOS FABERCASTELL,1,8.0,8.0,2026-12-06,EFECTIVO
VTA-0000692,DFF-0000000080,UTILES,CARTULINA A4,1,0.5,0.5,2026-12-06,EFECTIVO
VTA-0000692,PAPEL-BOND,UTILES,HOJA BOND A4 ATLAS,2,0.1,0.2,2026-12-06,EFECTIVO
VTA-0000693,DFF-0000000080,UTILES,CARTULINA A4,1,0.5,0.5,2026-12-06,EFECTIVO
VTA-0000693,7754807720137,UTILES,SILICONA LIQUIDA PEQUEÑA VINIFAN 30 ML,1,2.0,2.0,2026-12-06,EFECTIVO
VTA-0000693,3013017958285,UTILES,TIJERAS ECONOMICAS YIMI,1,1.5,1.5,2026-12-06,EFECTIVO
VTA-0000694,DFF-IMP-A4CL,FOTOCOPIADORA,IMPRESION A4 A COLOR,1,1.0,1.0,2026-12-06,EFECTIVO
VTA-0000695,DFF-COP-A4BN,FOTOCOPIADORA,FOTOCOPIA A4 A BLANCO Y NEGRO,56,0.08,4.5,2026-12-06,EFECTIVO
VTA-0000696,DFF-COP-A4BN,FOTOCOPIADORA,FOTOCOPIA A4 A BLANCO Y NEGRO,54,0.08,4.3,2026-12-06,EFECTIVO
VTA-0000697,DFF-IMP-A4CL,FOTOCOPIADORA,IMPRESION A4 A COLOR,8,1.0,8.0,2026-12-06,EFECTIVO
VTA-0000698,DFF-IMP-A4CL,FOTOCOPIADORA,IMPRESION A4 A COLOR,2,1.0,2.0,2026-12-06,YAPE
VTA-0000698,DFF-IMP-A4BN,FOTOCOPIADORA,IMPRESION A4 BLANCO Y NEGRO,1,0.5,0.5,2026-12-06,YAPE
VTA-0000699,DFF-IMP-A3BN,FOTOCOPIADORA,IMPRESION A3 BLANCO Y NEGRO,6,1.0,6.0,2026-12-06,EFECTIVO
VTA-0000699,DFF-COP-A4BN,FOTOCOPIADORA,FOTOCOPIA A4 A BLANCO Y NEGRO,6,0.1,0.6,2026-12-06,EFECTIVO
VTA-0000700,7754807080279,UTILES,MICA A4 VINIFAN,1,1.0,1.0,2026-12-06,EFECTIVO
VTA-0000700,DFF-0000000195,UTILES,SOBRE MANILA A4,2,1.0,2.0,2026-12-06,EFECTIVO
VTA-0000701,7750822012370,UTILES,CUADERNO STANDFORD CUADRICULADO A4 SIN STICKER,1,7.0,7.0,2026-12-06,YAPE
VTA-0000702,DFF-0000000171,UTILES,CORBATA DE NIÑA AZULINO,1,3.0,3.0,2026-06-13,EFECTIVO
VTA-0000703,9555684605603,UTILES,BORRADOR GRANDE BLANCO FABERCASTELL,1,1.5,1.5,2026-06-13,YAPE
VTA-0000704,DFF-0000000076,UTILES,TEMPERA APU,1,2.0,2.0,2026-06-13,YAPE
VTA-0000705,DFF-0000000143,UTILES,MICROPOROSO ESCARCHADO A4 ROJO,1,1.5,1.5,2026-06-13,EFECTIVO
VTA-0000705,DFF-0000000144,UTILES,MICROPOROSO ESCARCHADO A4 BLANCO,1,1.5,1.5,2026-06-13,EFECTIVO
VTA-0000705,DFF-0000000146,UTILES,MICROPOROSO ESCARCHADO A4 AZUL,1,1.5,1.5,2026-06-13,EFECTIVO
VTA-0000706,7754111024273,UTILES,GOMA EN BARRA GRANDE FABERCASTELL,1,5.0,5.0,2026-06-13,EFECTIVO
VTA-0000706,DFF-0000000080,UTILES,CARTULINA A4,1,0.5,0.5,2026-06-13,EFECTIVO
VTA-0000707,DFF-0000000143,UTILES,MICROPOROSO ESCARCHADO A4 ROJO,1,1.5,1.5,2026-06-14,YAPE
VTA-0000707,DFF-0000000144,UTILES,MICROPOROSO ESCARCHADO A4 BLANCO,1,1.5,1.5,2026-06-14,YAPE
VTA-0000707,DFF-0000000146,UTILES,MICROPOROSO ESCARCHADO A4 AZUL,1,1.5,1.5,2026-06-14,YAPE
VTA-0000707,7754807720137,UTILES,SILICONA LIQUIDA PEQUEÑA VINIFAN 30 ML,1,2.0,2.0,2026-06-14,YAPE
VTA-0000707,PAPEL-BOND,UTILES,HOJA BOND A4 ATLAS,3,0.1,0.3,2026-06-14,YAPE
VTA-0000708,DFF-0000000143,UTILES,MICROPOROSO ESCARCHADO A4 ROJO,1,1.5,1.5,2026-06-14,EFECTIVO
VTA-0000708,DFF-0000000146,UTILES,MICROPOROSO ESCARCHADO A4 AZUL,1,1.5,1.5,2026-06-14,EFECTIVO
VTA-0000708,DFF-0000000144,UTILES,MICROPOROSO ESCARCHADO A4 BLANCO,1,1.5,1.5,2026-06-14,EFECTIVO
VTA-0000709,DFF-COP-A4BN,FOTOCOPIADORA,FOTOCOPIA A4 A BLANCO Y NEGRO,54,0.08,4.3,2026-06-14,YAPE
VTA-0000710,DFF-COP-A4BN,FOTOCOPIADORA,FOTOCOPIA A4 A BLANCO Y NEGRO,32,0.08,2.6,2026-06-14,EFECTIVO
VTA-0000711,2050000251009,UTILES,LUPA DE VIDRIO OVE,1,7.5,7.5,2026-06-14,EFECTIVO
VTA-0000712,DFF-IMP-A4BN,FOTOCOPIADORA,IMPRESION A4 BLANCO Y NEGRO,35,0.5,17.5,2026-06-14,EFECTIVO
VTA-0000713,DFF-COP-DNICL,FOTOCOPIADORA,FOTOCOPIA DNI A COLOR,1,0.5,0.5,2026-06-14,EFECTIVO
VTA-0000714,DFF-0000000195,UTILES,SOBRE MANILA A4,1,1.0,1.0,2026-06-14,EFECTIVO
VTA-0000715,DFF-0000000080,UTILES,CARTULINA A4,1,0.5,0.5,2026-06-14,YAPE
VTA-0000715,PAPEL-BOND,UTILES,HOJA BOND A4 ATLAS,5,0.1,0.5,2026-06-14,YAPE
VTA-0000716,DFF-0000000080,UTILES,CARTULINA A4,1,0.5,0.5,2026-06-14,YAPE
VTA-0000717,7750082006140,UTILES,SILICONA LIQUIDA MEDIANA ARTESCO 100ML,1,4.0,4.0,2026-06-14,EFECTIVO
VTA-0000718,DFF-0000000080,UTILES,CARTULINA A4,2,0.5,1.0,2026-06-14,EFECTIVO
VTA-0000718,7754807720137,UTILES,SILICONA LIQUIDA PEQUEÑA VINIFAN 30 ML,1,2.0,2.0,2026-06-14,EFECTIVO
VTA-0000719,DFF-COP-A4BN,FOTOCOPIADORA,FOTOCOPIA A4 A BLANCO Y NEGRO,2,0.1,0.2,2026-06-14,EFECTIVO
VTA-0000720,DFF-COP-A4BN,FOTOCOPIADORA,FOTOCOPIA A4 A BLANCO Y NEGRO,44,0.08,3.5,2026-06-14,EFECTIVO
VTA-0000721,DFF-COP-A4BN,FOTOCOPIADORA,FOTOCOPIA A4 A BLANCO Y NEGRO,38,0.08,3.0,2026-06-14,EFECTIVO
VTA-0000722,DFF-IMP-A4CL,FOTOCOPIADORA,IMPRESION A4 A COLOR,2,1.0,2.0,2026-06-14,EFECTIVO
VTA-0000723,DFF-COP-A4BN,FOTOCOPIADORA,FOTOCOPIA A4 A BLANCO Y NEGRO,3,0.1,0.3,2026-06-14,EFECTIVO
VTA-0000724,DFF-0000000132,UTILES,PALITOS DE CHUPETE SIN COLOR,1,1.5,1.5,2026-06-14,EFECTIVO
VTA-0000725,7750822012844,UTILES,CUADERNO STANDFORD TRIPLE RENGLON SOMBREADO A4 SIN STICKER,1,7.0,7.0,2026-06-14,EFECTIVO
VTA-0000726,DFF-IMP-FOTOCL,FOTOCOPIADORA,IMPRESION PAPEL FOTO A COLOR,1,2.0,2.0,2026-06-14,EFECTIVO
VTA-0000727,DFF-IMP-A3CL,FOTOCOPIADORA,IMPRESION A3 A COLOR,7,2.0,14.0,2026-06-14,YAPE
VTA-0000727,DFF-IMP-A4CL,FOTOCOPIADORA,IMPRESION A4 A COLOR,1,1.0,1.0,2026-06-14,YAPE
VTA-0000728,7750082006140,UTILES,SILICONA LIQUIDA MEDIANA ARTESCO 100ML,1,4.0,4.0,2026-06-14,YAPE
VTA-0000729,DFF-0000000080,UTILES,CARTULINA A4,1,0.5,0.5,2026-06-14,EFECTIVO
VTA-0000730,7754807720137,UTILES,SILICONA LIQUIDA PEQUEÑA VINIFAN 30 ML,1,2.0,2.0,2026-06-14,EFECTIVO
VTA-0000731,7750082006140,UTILES,SILICONA LIQUIDA MEDIANA ARTESCO 100ML,1,4.0,4.0,2026-06-14,YAPE
VTA-0000732,DFF-COP-A4BN,FOTOCOPIADORA,FOTOCOPIA A4 A BLANCO Y NEGRO,13,0.1,1.3,2026-06-14,EFECTIVO
VTA-0000733,2050000594175,UTILES,CINTA EMBALAJE YIMI,1,4.0,4.0,2026-06-14,EFECTIVO
VTA-0000734,7750082010000,UTILES,SET DE PLUMONES GUESOS ARTESCO,1,9.0,9.0,2026-06-14,EFECTIVO
VTA-0000734,7750082002623,UTILES,PLASTILINA JUMBO ARTESCO,1,6.0,6.0,2026-06-14,EFECTIVO
VTA-0000735,DFF-0000000188,UTILES,GUANTE BLANCO GRANDE,1,3.0,3.0,2026-06-14,YAPE
VTA-0000736,DFF-0000000188,UTILES,GUANTE BLANCO GRANDE,1,3.0,3.0,2026-06-14,YAPE
VTA-0000737,DFF-0000000188,UTILES,GUANTE BLANCO GRANDE,1,3.0,3.0,2026-06-14,YAPE
VTA-0000738,DFF-0000000188,UTILES,GUANTE BLANCO GRANDE,1,3.0,3.0,2026-06-14,YAPE
VTA-0000739,DFF-IMP-FOTOCL,FOTOCOPIADORA,IMPRESION PAPEL FOTO A COLOR,1,2.0,2.0,2026-06-14,EFECTIVO
VTA-0000740,DFF-COP-A4BN,FOTOCOPIADORA,FOTOCOPIA A4 A BLANCO Y NEGRO,210,0.08,16.8,2026-06-14,YAPE
VTA-0000741,DFF-0000000073,UTILES,PAPELOTE CUADRICULADO,1,0.6,0.6,2026-06-15,EFECTIVO
VTA-0000741,2050000398704,UTILES,LAPICERO OVE ECONOMICO NEGRO,1,1.0,1.0,2026-06-15,EFECTIVO
VTA-0000742,DFF-0000000073,UTILES,PAPELOTE CUADRICULADO,1,0.6,0.6,2026-06-15,EFECTIVO
VTA-0000743,DFF-0000000170,UTILES,CORBATA DE NIÑO AZULINO,1,3.0,3.0,2026-06-15,YAPE
VTA-0000744,7750822012844,UTILES,CUADERNO STANDFORD TRIPLE RENGLON SOMBREADO A4 SIN STICKER,1,6.5,6.5,2026-06-15,YAPE
VTA-0000745,DFF-COP-A4BN,FOTOCOPIADORA,FOTOCOPIA A4 A BLANCO Y NEGRO,88,0.08,7.0,2026-06-15,EFECTIVO
VTA-0000746,DFF-0000000174,UTILES,PABILO PEQUEÑO,1,0.8,0.8,2026-06-15,EFECTIVO
VTA-0000747,7750082003712,UTILES,LIMPIATIPOS ARTESCO,1,3.0,3.0,2026-06-15,EFECTIVO
VTA-0000748,DFF-COP-A4BN,FOTOCOPIADORA,FOTOCOPIA A4 A BLANCO Y NEGRO,70,0.08,5.6,2026-06-15,EFECTIVO
VTA-0000749,77505200,UTILES,TEMPERA SUELTA MARRON DAVID,1,1.5,1.5,2026-06-15,EFECTIVO
VTA-0000750,6901234567908,UTILES,CUTER,1,2.0,2.0,2026-06-15,EFECTIVO
VTA-0000751,DFF-0000000158,UTILES,PAPEL CRAFT,6,0.5,3.0,2026-06-15,EFECTIVO
VTA-0000751,2050000117152,UTILES,CINTA EMBALAJE ECONOMICA YIMI,1,1.5,1.5,2026-06-15,EFECTIVO
VTA-0000752,DFF-0000000171,UTILES,CORBATA DE NIÑA AZULINO,1,3.0,3.0,2026-06-16,YAPE
VTA-0000753,DFF-0000000171,UTILES,CORBATA DE NIÑA AZULINO,1,3.0,3.0,2026-06-16,EFECTIVO
VTA-0000754,7754111024259,UTILES,GOMA EN BARRA MEDIANA FABERCASTELL,1,3.0,3.0,2026-06-16,EFECTIVO
VTA-0000755,7754111019477,UTILES,LAPIZ FABERCASTELL 2B,1,1.0,1.0,2026-06-16,YAPE
VTA-0000756,7750082006140,UTILES,SILICONA LIQUIDA MEDIANA ARTESCO 100ML,1,4.0,4.0,2026-06-16,YAPE
VTA-0000757,7750822985223,UTILES,CUADERNO STANDFORD TRIPLEMAX A4 SIN STICKER,1,6.5,6.5,2026-06-17,YAPE
VTA-0000757,7750082006133,UTILES,SILICONA LIQUIDA PEQUEÑA ARTESCO 30ML,1,2.0,2.0,2026-06-17,YAPE
VTA-0000758,7750082062610,UTILES,BORRADOR ARTESCO BROCHA,1,3.5,3.5,2026-06-17,YAPE
VTA-0000759,DFF-0000000173,UTILES,PABILO GRANDE,1,1.5,1.5,2026-06-17,EFECTIVO
VTA-0000760,7750082003392,UTILES,GOMA LIQUIDA ARTESCO PEQUEÑO,1,2.5,2.5,2026-06-17,EFECTIVO
VTA-0000760,DFF-0000000092,UTILES,PINCEL NUMERO 10,1,2.0,2.0,2026-06-17,EFECTIVO
VTA-0000760,DFF-0000000200,UTILES,GLOBO TRADICIONAL,2,0.2,0.4,2026-06-17,EFECTIVO
VTA-0000761,DFF-0000000157,UTILES,PALIGLOBOS,12,0.2,2.4,2026-06-17,EFECTIVO
VTA-0000762,7750082001237,UTILES,LAPIZ JUMBO ARTESCO,1,2.0,2.0,2026-06-17,EFECTIVO
VTA-0000762,DFF-0000000200,UTILES,GLOBO TRADICIONAL,4,0.2,0.8,2026-06-17,EFECTIVO
VTA-0000763,DFF-COP-A4BN,FOTOCOPIADORA,FOTOCOPIA A4 A BLANCO Y NEGRO,20,0.08,1.6,2026-06-17,EFECTIVO
VTA-0000764,DFF-0000000133,UTILES,BAJA LENGUA SIN COLOR,3,2.0,6.0,2026-06-17,EFECTIVO
VTA-0000765,DFF-0000000133,UTILES,BAJA LENGUA SIN COLOR,5,2.0,10.0,2026-06-17,YAPE
VTA-0000766,DFF-COP-A4BN,FOTOCOPIADORA,FOTOCOPIA A4 A BLANCO Y NEGRO,49,0.08,3.9,2026-06-17,EFECTIVO
VTA-0000767,DFF-COP-A4BN,FOTOCOPIADORA,FOTOCOPIA A4 A BLANCO Y NEGRO,28,0.08,2.2,2026-06-17,EFECTIVO
VTA-0000768,DFF-IMP-A4CL,FOTOCOPIADORA,IMPRESION A4 A COLOR,2,1.0,2.0,2026-06-17,EFECTIVO
VTA-0000769,DFF-COP-A4BN,FOTOCOPIADORA,FOTOCOPIA A4 A BLANCO Y NEGRO,10,0.1,1.0,2026-06-17,EFECTIVO
VTA-0000770,DFF-COP-A4CL,FOTOCOPIADORA,FOTOCOPIA A4 A COLOR,1,0.5,0.5,2026-06-17,EFECTIVO
VTA-0000771,DFF-0000000059,UTILES,CARTULINA CANSON AZULINO,2,1.2,2.4,2026-06-17,YAPE
VTA-0000772,7755354016070,UTILES,CUADERNO ALPHA 1X1 A4,1,6.0,6.0,2026-06-17,EFECTIVO
VTA-0000773,DFF-0000000073,UTILES,PAPELOTE CUADRICULADO,1,0.6,0.6,2026-06-17,EFECTIVO
VTA-0000774,7750082003408,UTILES,GOMA LÍQUIDA ARTESCO GRANDE,1,5.0,5.0,2026-06-18,EFECTIVO
VTA-0000775,DFF-0000000059,UTILES,CARTULINA CANSON AZULINO,1,1.2,1.2,2026-06-18,YAPE
VTA-0000776,2050000398704,UTILES,LAPICERO OVE ECONOMICO NEGRO,1,1.0,1.0,2026-06-18,EFECTIVO
VTA-0000777,DFF-0000000157,UTILES,PALIGLOBOS,4,0.2,0.8,2026-06-18,EFECTIVO
VTA-0000778,DFF-0000000059,UTILES,CARTULINA CANSON AZULINO,1,1.2,1.2,2026-06-18,EFECTIVO
VTA-0000779,DFF-0000000059,UTILES,CARTULINA CANSON AZULINO,2,1.2,2.4,2026-06-18,YAPE
VTA-0000780,DFF-0000000201,UTILES,FLAUTA,1,5.0,5.0,2026-06-18,EFECTIVO
VTA-0000781,DFF-COP-A4BN,FOTOCOPIADORA,FOTOCOPIA A4 A BLANCO Y NEGRO,70,0.08,5.6,2026-06-18,EFECTIVO
VTA-0000782,DFF-0000000076,UTILES,TEMPERA APU,2,2.0,4.0,2026-06-18,EFECTIVO
VTA-0000783,DFF-COP-DNICL,FOTOCOPIADORA,FOTOCOPIA DNI A COLOR,1,0.5,0.5,2026-06-18,EFECTIVO
VTA-0000784,DFF-0000000059,UTILES,CARTULINA CANSON AZULINO,1,1.2,1.2,2026-06-18,EFECTIVO
VTA-0000785,7750822985223,UTILES,CUADERNO STANDFORD TRIPLEMAX A4 SIN STICKER,1,6.5,6.5,2026-06-18,YAPE
VTA-0000785,DFF-LAMINA,UTILES,LAMINAS A4,2,1.0,2.0,2026-06-18,YAPE
VTA-0000786,DFF-COP-A4BN,FOTOCOPIADORA,FOTOCOPIA A4 A BLANCO Y NEGRO,1,0.1,0.1,2026-06-18,EFECTIVO
VTA-0000787,DFF-0000000173,UTILES,PABILO GRANDE,1,1.5,1.5,2026-06-18,EFECTIVO
VTA-0000788,DFF-0000000176,UTILES,MICROPOROSO ADHESIVO ESCARCHADO ROJO PLANCHA,2,4.0,8.0,2026-06-18,EFECTIVO
VTA-0000789,PAPEL-BOND,UTILES,HOJA BOND A4 ATLAS,2,0.1,0.2,2026-06-19,YAPE
VTA-0000789,DFF-0000000171,UTILES,CORBATA DE NIÑA AZULINO,1,3.0,3.0,2026-06-19,YAPE
VTA-0000790,DFF-0000000080,UTILES,CARTULINA A4,1,0.5,0.5,2026-06-19,YAPE
VTA-0000791,DFF-0000000059,UTILES,CARTULINA CANSON AZULINO,1,1.2,1.2,2026-06-19,EFECTIVO
VTA-0000791,PAPEL-BOND,UTILES,HOJA BOND A4 ATLAS,2,0.1,0.2,2026-06-19,EFECTIVO
VTA-0000792,DFF-0000000080,UTILES,CARTULINA A4,1,0.5,0.5,2026-06-19,YAPE
VTA-0000793,PAPEL-BOND,UTILES,HOJA BOND A4 ATLAS,2,0.1,0.2,2026-06-19,EFECTIVO
VTA-0000793,DFF-0000000080,UTILES,CARTULINA A4,1,0.5,0.5,2026-06-19,EFECTIVO
VTA-0000794,DFF-COP-A4BN,FOTOCOPIADORA,FOTOCOPIA A4 A BLANCO Y NEGRO,2,0.1,0.2,2026-06-19,EFECTIVO
VTA-0000795,DFF-IMP-A3CL,FOTOCOPIADORA,IMPRESION A3 A COLOR,1,2.0,2.0,2026-06-19,EFECTIVO
VTA-0000795,DFF-IMP-FOTOCL,FOTOCOPIADORA,IMPRESION PAPEL FOTO A COLOR,1,2.0,2.0,2026-06-19,EFECTIVO
VTA-0000796,7750082003392,UTILES,GOMA LIQUIDA ARTESCO PEQUEÑO,1,2.0,2.0,2026-06-20,EFECTIVO
VTA-0000796,DFF-0000000080,UTILES,CARTULINA A4,1,0.5,0.5,2026-06-20,EFECTIVO
VTA-0000796,PAPEL-BOND,UTILES,HOJA BOND A4 ATLAS,2,0.1,0.2,2026-06-20,EFECTIVO
VTA-0000797,DFF-IMP-A4CL,FOTOCOPIADORA,IMPRESION A4 A COLOR,1,1.0,1.0,2026-06-20,EFECTIVO
VTA-0000798,DFF-COP-A4BN,FOTOCOPIADORA,FOTOCOPIA A4 A BLANCO Y NEGRO,2,0.1,0.2,2026-06-20,EFECTIVO
VTA-0000799,DFF-IMP-FOTOCL,FOTOCOPIADORA,IMPRESION PAPEL FOTO A COLOR,2,2.0,4.0,2026-06-20,YAPE
VTA-0000800,7750082002623,UTILES,PLASTILINA JUMBO ARTESCO,1,5.5,5.5,2026-06-20,YAPE
VTA-0000801,DFF-COP-A4BN,FOTOCOPIADORA,FOTOCOPIA A4 A BLANCO Y NEGRO,308,0.08,24.6,2026-06-20,YAPE
VTA-0000802,DFF-0000000202,UTILES,PALO DE BRIGADIER DE MADERA,1,6.0,6.0,2026-06-21,EFECTIVO
VTA-0000803,DFF-0000000170,UTILES,CORBATA DE NIÑO AZULINO,1,3.0,3.0,2026-06-21,EFECTIVO
VTA-0000804,2050000398674,UTILES,LAPICERO OVE ECONOMICO AZUL,1,1.0,1.0,2026-06-21,EFECTIVO
VTA-0000804,2050000398704,UTILES,LAPICERO OVE ECONOMICO NEGRO,1,1.0,1.0,2026-06-21,EFECTIVO
VTA-0000805,DFF-IMP-A4CL,FOTOCOPIADORA,IMPRESION A4 A COLOR,2,1.0,2.0,2026-06-21,YAPE
VTA-0000806,DFF-0000000201,UTILES,FLAUTA,2,5.0,10.0,2026-06-21,EFECTIVO
VTA-0000807,DFF-COP-A4BN,FOTOCOPIADORA,FOTOCOPIA A4 A BLANCO Y NEGRO,20,0.08,1.6,2026-06-21,YAPE
VTA-0000808,DFF-COP-A4BN,FOTOCOPIADORA,FOTOCOPIA A4 A BLANCO Y NEGRO,91,0.08,7.3,2026-06-21,EFECTIVO
VTA-0000809,DFF-IMP-A4BN,FOTOCOPIADORA,IMPRESION A4 BLANCO Y NEGRO,8,0.5,4.0,2026-06-21,YAPE
VTA-0000810,DFF-COP-DNICL,FOTOCOPIADORA,FOTOCOPIA DNI A COLOR,3,0.5,1.5,2026-06-21,YAPE
VTA-0000811,7750805001377,UTILES,CARTULINA DUPLEX 100X70CM,2,2.0,4.0,2026-06-21,EFECTIVO
VTA-0000812,DFF-COP-A4BN,FOTOCOPIADORA,FOTOCOPIA A4 A BLANCO Y NEGRO,111,0.08,8.9,2026-06-21,EFECTIVO
VTA-0000813,DFF-COP-A4BN,FOTOCOPIADORA,FOTOCOPIA A4 A BLANCO Y NEGRO,62,0.08,5.0,2026-06-21,YAPE
VTA-0000814,7750082002623,UTILES,PLASTILINA JUMBO ARTESCO,1,5.5,5.5,2026-06-23,YAPE
VTA-0000815,DFF-0000000201,UTILES,FLAUTA,1,5.0,5.0,2026-06-23,EFECTIVO
VTA-0000816,DFF-0000000201,UTILES,FLAUTA,1,5.0,5.0,2026-06-23,EFECTIVO
VTA-0000817,7750805001377,UTILES,CARTULINA DUPLEX 100X70CM,2,2.5,5.0,2026-06-23,YAPE
VTA-0000818,DFF-COP-A4BN,FOTOCOPIADORA,FOTOCOPIA A4 A BLANCO Y NEGRO,65,0.08,5.2,2026-06-23,EFECTIVO
VTA-0000819,DFF-COP-A4BN,FOTOCOPIADORA,FOTOCOPIA A4 A BLANCO Y NEGRO,57,0.08,4.6,2026-06-23,EFECTIVO
VTA-0000820,7750822012844,UTILES,CUADERNO STANDFORD TRIPLE RENGLON SOMBREADO A4 SIN STICKER,1,7.0,7.0,2026-06-23,YAPE
VTA-0000821,9555684605573,UTILES,BORRADOR GRANDE NEGRO FABERCASTELL,1,1.5,1.5,2026-06-23,EFECTIVO
VTA-0000822,PAPEL-BOND,UTILES,HOJA BOND A4 ATLAS,10,0.1,1.0,2026-06-23,EFECTIVO
VTA-0000823,DFF-IMP-FOTOCL,FOTOCOPIADORA,IMPRESION PAPEL FOTO A COLOR,4,2.0,8.0,2026-06-24,EFECTIVO
VTA-0000824,7750822012844,UTILES,CUADERNO STANDFORD TRIPLE RENGLON SOMBREADO A4 SIN STICKER,1,6.5,6.5,2026-06-24,YAPE
VTA-0000825,DFF-0000000101,UTILES,HOJA DE COLOR NEGRO,2,0.2,0.4,2026-06-24,EFECTIVO
VTA-0000825,DFF-0000000102,UTILES,HOJA DE COLOR AZUL,1,0.2,0.2,2026-06-24,EFECTIVO
VTA-0000825,PAPEL-BOND,UTILES,HOJA BOND A4 ATLAS,2,0.1,0.2,2026-06-24,EFECTIVO
VTA-0000826,7750082003736,UTILES,GOMA LÍQUIDA ARTESCO MEDIANA,1,2.5,2.5,2026-06-24,YAPE
VTA-0000826,DFF-0000000200,UTILES,GLOBO TRADICIONAL,2,0.25,0.5,2026-06-24,YAPE
VTA-0000827,2050000398674,UTILES,LAPICERO OVE ECONOMICO AZUL,1,1.0,1.0,2026-06-24,EFECTIVO
VTA-0000828,DFF-COP-A4BN,FOTOCOPIADORA,FOTOCOPIA A4 A BLANCO Y NEGRO,34,0.08,2.7,2026-06-24,EFECTIVO
VTA-0000829,DFF-COP-A4CL,FOTOCOPIADORA,FOTOCOPIA A4 A COLOR,2,0.5,1.0,2026-06-24,YAPE
VTA-0000830,DFF-0000000051,UTILES,CARTULINA CANSON NEGRA,2,1.5,3.0,2026-06-25,EFECTIVO
VTA-0000831,DFF-0000000203,UTILES,FLAUTA DULCE,1,8.0,8.0,2026-06-25,YAPE
VTA-0000832,DFF-0000000204,UTILES,GUANTE BLANCO DE TELA PEQUEÑO,1,2.5,2.5,2026-06-25,YAPE
VTA-0000833,DFF-0000000188,UTILES,GUANTE BLANCO GRANDE,1,3.0,3.0,2026-06-25,EFECTIVO
VTA-0000834,DFF-COP-A4BN,FOTOCOPIADORA,FOTOCOPIA A4 A BLANCO Y NEGRO,34,0.08,2.7,2026-06-25,EFECTIVO
VTA-0000835,DFF-0000000188,UTILES,GUANTE BLANCO GRANDE,1,3.0,3.0,2026-06-27,EFECTIVO
VTA-0000836,DFF-0000000205,UTILES,CORREA DE BRIGADIER,1,2.0,2.0,2026-06-27,EFECTIVO
VTA-0000836,DFF-0000000188,UTILES,GUANTE BLANCO GRANDE,2,3.0,6.0,2026-06-27,EFECTIVO
VTA-0000837,DFF-0000000188,UTILES,GUANTE BLANCO GRANDE,1,3.0,3.0,2026-06-27,EFECTIVO
VTA-0000838,7750082005570,UTILES,CAJA DE CHINCHE DORADO ARTESCO,1,2.5,2.5,2026-06-27,EFECTIVO
VTA-0000839,DFF-0000000188,UTILES,GUANTE BLANCO GRANDE,1,3.0,3.0,2026-06-27,EFECTIVO
VTA-0000840,DFF-0000000188,UTILES,GUANTE BLANCO GRANDE,1,3.0,3.0,2026-06-27,EFECTIVO
VTA-0000841,DFF-0000000188,UTILES,GUANTE BLANCO GRANDE,1,3.0,3.0,2026-06-27,YAPE
VTA-0000842,DFF-0000000188,UTILES,GUANTE BLANCO GRANDE,1,3.0,3.0,2026-06-27,YAPE
VTA-0000843,DFF-0000000205,UTILES,CORREA DE BRIGADIER,1,5.0,5.0,2026-06-27,YAPE
VTA-0000844,DFF-0000000188,UTILES,GUANTE BLANCO GRANDE,2,3.0,6.0,2026-06-27,YAPE
VTA-0000845,DFF-0000000188,UTILES,GUANTE BLANCO GRANDE,1,3.0,3.0,2026-06-27,EFECTIVO
VTA-0000846,DFF-0000000188,UTILES,GUANTE BLANCO GRANDE,1,3.0,3.0,2026-06-27,YAPE
VTA-0000847,DFF-0000000205,UTILES,CORREA DE BRIGADIER Y POLICIA,1,5.0,5.0,2026-06-27,YAPE
VTA-0000847,DFF-0000000131,UTILES,SUPER BLUE,1,1.0,1.0,2026-06-27,YAPE
VTA-0000848,DFF-0000000188,UTILES,GUANTE BLANCO GRANDE,1,3.0,3.0,2026-06-27,YAPE
VTA-0000849,DFF-0000000188,UTILES,GUANTE BLANCO GRANDE,1,3.0,3.0,2026-06-27,EFECTIVO
VTA-0000850,DFF-COP-A4BN,FOTOCOPIADORA,FOTOCOPIA A4 A BLANCO Y NEGRO,180,0.08,14.4,2026-06-28,EFECTIVO
VTA-0000851,DFF-COP-A4BN,FOTOCOPIADORA,FOTOCOPIA A4 A BLANCO Y NEGRO,10,0.1,1.0,2026-06-28,EFECTIVO
VTA-0000852,DFF-IMP-A4BN,FOTOCOPIADORA,IMPRESION A4 BLANCO Y NEGRO,7,0.5,3.5,2026-06-30,YAPE
VTA-0000853,DFF-COP-A4BN,FOTOCOPIADORA,FOTOCOPIA A4 A BLANCO Y NEGRO,40,0.08,3.2,2026-06-30,EFECTIVO
VTA-0000854,DFF-0000000073,UTILES,PAPELOTE CUADRICULADO,1,0.6,0.6,2026-06-30,EFECTIVO
VTA-0000855,DFF-0000000210,UTILES,OJOS MOVILES,6,0.25,1.5,2026-01-07,EFECTIVO
VTA-0000856,DFF-0000000211,UTILES,GUANTES DE LATEX,8,0.5,4.0,2026-01-07,EFECTIVO
VTA-0000857,7750082003736,UTILES,GOMA LÍQUIDA ARTESCO MEDIANA,1,2.0,2.0,2026-01-07,EFECTIVO
VTA-0000858,DFF-0000000213,UTILES,ESCARAPELA DE METAL,1,1.0,1.0,2026-01-07,EFECTIVO
VTA-0000859,DFF-0000000213,UTILES,ESCARAPELA DE METAL,1,1.0,1.0,2026-01-07,EFECTIVO
VTA-0000860,DFF-0000000210,UTILES,OJOS MOVILES,8,0.25,2.0,2026-01-07,EFECTIVO
VTA-0000861,DFF-0000000213,UTILES,ESCARAPELA DE METAL,1,1.0,1.0,2026-01-07,YAPE
VTA-0000861,DFF-0000000171,UTILES,CORBATA DE NIÑA AZULINO,1,3.0,3.0,2026-01-07,YAPE
VTA-0000862,DFF-0000000212,UTILES,ESCARAPELA TELA,1,0.5,0.5,2026-01-07,EFECTIVO
VTA-0000863,DFF-0000000212,UTILES,ESCARAPELA TELA,1,0.5,0.5,2026-01-07,YAPE
VTA-0000864,DFF-0000000212,UTILES,ESCARAPELA TELA,1,0.5,0.5,2026-01-07,EFECTIVO
VTA-0000865,DFF-0000000212,UTILES,ESCARAPELA TELA,1,0.5,0.5,2026-01-07,EFECTIVO
VTA-0000866,DFF-0000000212,UTILES,ESCARAPELA TELA,2,0.5,1.0,2026-01-07,EFECTIVO
VTA-0000867,DFF-0000000212,UTILES,ESCARAPELA TELA,1,0.5,0.5,2026-01-07,YAPE
VTA-0000868,DFF-0000000212,UTILES,ESCARAPELA TELA,2,0.5,1.0,2026-01-07,EFECTIVO
VTA-0000869,DFF-0000000212,UTILES,ESCARAPELA TELA,1,0.5,0.5,2026-01-07,EFECTIVO
VTA-0000870,DFF-0000000213,UTILES,ESCARAPELA DE METAL,2,1.0,2.0,2026-01-07,EFECTIVO
VTA-0000871,DFF-COP-A4BN,FOTOCOPIADORA,FOTOCOPIA A4 A BLANCO Y NEGRO,24,0.08,1.9,2026-01-07,EFECTIVO
VTA-0000872,DFF-COP-A4BN,FOTOCOPIADORA,FOTOCOPIA A4 A BLANCO Y NEGRO,39,0.08,3.1,2026-01-07,EFECTIVO
VTA-0000873,DFF-0000000212,UTILES,ESCARAPELA TELA,1,0.5,0.5,2026-01-07,EFECTIVO
VTA-0000874,7750082002623,UTILES,PLASTILINA JUMBO ARTESCO,1,5.5,5.5,2026-01-07,YAPE
VTA-0000875,DFF-0000000212,UTILES,ESCARAPELA TELA,1,0.5,0.5,2026-01-07,YAPE
VTA-0000876,DFF-0000000212,UTILES,ESCARAPELA TELA,1,0.5,0.5,2026-02-07,EFECTIVO
VTA-0000877,DFF-0000000203,UTILES,FLAUTA DULCE,1,8.0,8.0,2026-02-07,YAPE
VTA-0000878,DFF-0000000212,UTILES,ESCARAPELA TELA,1,0.5,0.5,2026-02-07,EFECTIVO
VTA-0000879,DFF-0000000203,UTILES,FLAUTA DULCE,1,8.0,8.0,2026-02-07,YAPE
VTA-0000880,DFF-0000000212,UTILES,ESCARAPELA TELA,1,0.5,0.5,2026-02-07,YAPE
VTA-0000881,DFF-0000000171,UTILES,CORBATA DE NIÑA AZULINO,1,3.0,3.0,2026-02-07,EFECTIVO
VTA-0000882,DFF-0000000213,UTILES,ESCARAPELA DE METAL,2,1.0,2.0,2026-02-07,EFECTIVO
VTA-0000883,7750082208865,UTILES,CORRECTOR ARTESCO,1,3.0,3.0,2026-02-07,EFECTIVO
VTA-0000884,DFF-0000000213,UTILES,ESCARAPELA DE METAL,1,1.0,1.0,2026-03-07,EFECTIVO
VTA-0000885,DFF-0000000213,UTILES,ESCARAPELA DE METAL,1,1.0,1.0,2026-03-07,EFECTIVO
VTA-0000886,DFF-0000000212,UTILES,ESCARAPELA TELA,2,0.5,1.0,2026-03-07,EFECTIVO
VTA-0000887,9555684605634,UTILES,BORRADOR PEQUEÑO BLANCO FABERCASTELL,1,1.0,1.0,2026-03-07,EFECTIVO
VTA-0000888,DFF-0000000214,UTILES,GLOBO PENCIL,2,0.2,0.4,2026-03-07,EFECTIVO
VTA-0000889,DFF-IMP-A4CL,FOTOCOPIADORA,IMPRESION A4 A COLOR,1,1.0,1.0,2026-03-07,EFECTIVO
VTA-0000890,DFF-0000000212,UTILES,ESCARAPELA TELA,2,0.5,1.0,2026-03-07,YAPE
VTA-0000891,DFF-IMP-FOTOCL,FOTOCOPIADORA,IMPRESION PAPEL FOTO A COLOR,6,2.0,12.0,2026-03-07,YAPE
VTA-0000891,DFF-IMP-A4BN,FOTOCOPIADORA,IMPRESION A4 BLANCO Y NEGRO,1,0.5,0.5,2026-03-07,YAPE
VTA-0000892,DFF-COP-A4BN,FOTOCOPIADORA,FOTOCOPIA A4 A BLANCO Y NEGRO,36,0.08,2.9,2026-03-07,EFECTIVO
VTA-0000893,7754111532013,UTILES,LAPICERO FABERCASTEL TRULUX 032 ECONOMICO AZUL,2,1.0,2.0,2026-03-07,EFECTIVO
VTA-0000894,DFF-0000000212,UTILES,ESCARAPELA TELA,2,0.5,1.0,2026-03-07,YAPE
VTA-0000895,DFF-COP-A4BN,FOTOCOPIADORA,FOTOCOPIA A4 A BLANCO Y NEGRO,40,0.08,3.2,2026-03-07,EFECTIVO
VTA-0000896,DFF-COP-A4BN,FOTOCOPIADORA,FOTOCOPIA A4 A BLANCO Y NEGRO,10,0.1,1.0,2026-03-07,EFECTIVO
VTA-0000897,DFF-COP-A4BN,FOTOCOPIADORA,FOTOCOPIA A4 A BLANCO Y NEGRO,5,0.1,0.5,2026-03-07,EFECTIVO
VTA-0000898,DFF-COP-A4BN,FOTOCOPIADORA,FOTOCOPIA A4 A BLANCO Y NEGRO,24,0.1,2.4,2026-03-07,YAPE
VTA-0000899,DFF-0000000212,UTILES,ESCARAPELA TELA,1,0.5,0.5,2026-07-07,EFECTIVO
VTA-0000900,DFF-0000000212,UTILES,ESCARAPELA TELA,1,0.5,0.5,2026-07-07,EFECTIVO
VTA-0000900,7750082006133,UTILES,SILICONA LIQUIDA PEQUEÑA ARTESCO 30ML,1,2.0,2.0,2026-07-07,EFECTIVO
VTA-0000901,DFF-0000000212,UTILES,ESCARAPELA TELA,1,0.5,0.5,2026-07-07,EFECTIVO
VTA-0000902,DFF-IMP-A4BN,FOTOCOPIADORA,IMPRESION A4 BLANCO Y NEGRO,6,0.5,3.0,2026-07-07,YAPE
VTA-0000903,DFF-0000000215,UTILES,PAPEL LUSTRE ROJO,5,0.5,2.5,2026-07-07,YAPE
VTA-0000904,DFF-0000000213,UTILES,ESCARAPELA DE METAL,1,1.0,1.0,2026-07-07,EFECTIVO
VTA-0000905,DFF-COP-A4BN,FOTOCOPIADORA,FOTOCOPIA A4 A BLANCO Y NEGRO,62,0.08,5.0,2026-07-07,EFECTIVO
VTA-0000906,7750082003422,UTILES,LAPIZ 2B ARTESCO,1,1.0,1.0,2026-07-07,EFECTIVO
VTA-0000906,7750082003606,UTILES,CHEQUEO ROJO ARTESCO,1,1.0,1.0,2026-07-07,EFECTIVO
VTA-0000906,9555684605603,UTILES,BORRADOR GRANDE BLANCO FABERCASTELL,1,1.5,1.5,2026-07-07,EFECTIVO
VTA-0000907,DFF-COP-A4BN,FOTOCOPIADORA,FOTOCOPIA A4 A BLANCO Y NEGRO,36,0.08,2.9,2026-07-07,EFECTIVO
VTA-0000908,DFF-COP-A4BN,FOTOCOPIADORA,FOTOCOPIA A4 A BLANCO Y NEGRO,60,0.08,4.8,2026-07-07,EFECTIVO
VTA-0000909,DFF-COP-A4BN,FOTOCOPIADORA,FOTOCOPIA A4 A BLANCO Y NEGRO,10,0.1,1.0,2026-07-07,EFECTIVO
VTA-0000910,DFF-IMP-A4CL,FOTOCOPIADORA,IMPRESION A4 A COLOR,16,1.0,16.0,2026-07-07,YAPE
VTA-0000911,9555684605603,UTILES,BORRADOR GRANDE BLANCO FABERCASTELL,1,1.5,1.5,2026-08-07,EFECTIVO
VTA-0000912,DFF-0000000212,UTILES,ESCARAPELA TELA,1,0.5,0.5,2026-08-07,EFECTIVO
VTA-0000913,7754111019477,UTILES,LAPIZ FABERCASTELL 2B,1,1.0,1.0,2026-08-07,EFECTIVO
VTA-0000913,PAPEL-BOND,UTILES,HOJA BOND A4 ATLAS,1,0.1,0.1,2026-08-07,EFECTIVO
VTA-0000913,DFF-0000000216,UTILES,SOBRE DE CARTA BLANCO,2,0.2,0.4,2026-08-07,EFECTIVO
VTA-0000914,DFF-0000000133,UTILES,BAJA LENGUA SIN COLOR,1,2.0,2.0,2026-08-07,EFECTIVO
VTA-0000915,DFF-0000000216,UTILES,SOBRE DE CARTA BLANCO,2,0.2,0.4,2026-08-07,EFECTIVO
VTA-0000916,DFF-0000000093,UTILES,PINCEL NUMERO 9,1,2.0,2.0,2026-08-07,EFECTIVO
VTA-0000917,7750082003392,UTILES,GOMA LIQUIDA ARTESCO PEQUEÑO,1,2.5,2.5,2026-08-07,EFECTIVO
VTA-0000918,DFF-COP-A4BN,FOTOCOPIADORA,FOTOCOPIA A4 A BLANCO Y NEGRO,40,0.08,3.2,2026-08-07,EFECTIVO
VTA-0000919,DFF-COP-A4BN,FOTOCOPIADORA,FOTOCOPIA A4 A BLANCO Y NEGRO,60,0.08,4.8,2026-08-07,EFECTIVO
VTA-0000920,DFF-0000000195,UTILES,SOBRE MANILA A4,1,1.0,1.0,2026-08-07,YAPE
VTA-0000921,6901234567908,UTILES,CUTER,1,2.0,2.0,2026-09-07,EFECTIVO
VTA-0000922,7754111024259,UTILES,GOMA EN BARRA MEDIANA FABERCASTELL,1,3.0,3.0,2026-09-07,EFECTIVO
VTA-0000923,DFF-0000000170,UTILES,CORBATA DE NIÑO AZULINO,1,3.0,3.0,2026-09-07,EFECTIVO
VTA-0000924,DFF-0000000200,UTILES,GLOBO TRADICIONAL,2,0.2,0.4,2026-09-07,EFECTIVO
VTA-0000925,DFF-0000000212,UTILES,ESCARAPELA TELA,1,0.5,0.5,2026-09-07,EFECTIVO
VTA-0000926,DFF-0000000203,UTILES,FLAUTA DULCE,1,8.0,8.0,2026-09-07,EFECTIVO
VTA-0000927,7754807790925,UTILES,TAJADOR VINIFAN DOBLE PUNTA,1,2.5,2.5,2026-09-07,YAPE
VTA-0000928,DFF-COP-A4BN,FOTOCOPIADORA,FOTOCOPIA A4 A BLANCO Y NEGRO,55,0.08,4.4,2026-09-07,EFECTIVO
VTA-0000929,DFF-COP-A4BN,FOTOCOPIADORA,FOTOCOPIA A4 A BLANCO Y NEGRO,34,0.08,2.7,2026-09-07,EFECTIVO
VTA-0000930,DFF-COP-A4BN,FOTOCOPIADORA,FOTOCOPIA A4 A BLANCO Y NEGRO,60,0.08,4.8,2026-09-07,EFECTIVO
VTA-0000931,7754807720151,UTILES,SILICONA LIQUIDA GRANDE VINIFAN 250 ML,1,8.0,8.0,2026-09-07,YAPE
VTA-0000932,7754807790925,UTILES,TAJADOR VINIFAN DOBLE PUNTA,1,2.5,2.5,2026-10-07,EFECTIVO
VTA-0000932,7750082003422,UTILES,LAPIZ 2B ARTESCO,1,1.0,1.0,2026-10-07,EFECTIVO
VTA-0000933,7750082002098,UTILES,LAPIZ BICOLOR ARTESCO,1,1.0,1.0,2026-10-07,EFECTIVO
VTA-0000934,DFF-0000000216,UTILES,SOBRE DE CARTA BLANCO,1,0.2,0.2,2026-10-07,EFECTIVO
VTA-0000935,DFF-COP-A4BN,FOTOCOPIADORA,FOTOCOPIA A4 A BLANCO Y NEGRO,50,0.08,4.0,2026-10-07,EFECTIVO
VTA-0000936,DFF-COP-A4BN,FOTOCOPIADORA,FOTOCOPIA A4 A BLANCO Y NEGRO,47,0.08,3.8,2026-10-07,EFECTIVO
VTA-0000937,DFF-IMP-A4BN,FOTOCOPIADORA,IMPRESION A4 BLANCO Y NEGRO,10,0.5,5.0,2026-10-07,EFECTIVO
VTA-0000937,DFF-IMP-A4CL,FOTOCOPIADORA,IMPRESION A4 A COLOR,16,1.0,16.0,2026-10-07,EFECTIVO
VTA-0000937,DFF-COP-A4BN,FOTOCOPIADORA,FOTOCOPIA A4 A BLANCO Y NEGRO,8,0.1,0.8,2026-10-07,EFECTIVO
VTA-0000938,DFF-COP-A4BN,FOTOCOPIADORA,FOTOCOPIA A4 A BLANCO Y NEGRO,18,0.1,1.8,2026-10-07,EFECTIVO
VTA-0000939,DFF-COP-A4BN,FOTOCOPIADORA,FOTOCOPIA A4 A BLANCO Y NEGRO,240,0.08,19.2,2026-12-07,EFECTIVO
