;;;;;;;;;;;;
;ID_Venta;ID_Producto;Departamento;Descripcion;Cantidad;Precio_Unitario;Subtotal;Fecha;Medio;;;
;VTA-0000001;7750082416178;UTILES;MICA A4 ARTESCO;4;1;4;15/03/2026 0:00:00;YAPE;;;
;VTA-0000001;DFF-COP-DNIBN;FOTOCOPIADORA;FOTOCOPIA DNI BLANCO Y NEGRO;1;5.4;5.4;15/03/2026 0:00:00;YAPE;;;
;VTA-0000002;;UTILES;;1;1.2;1.2;15/03/2026 0:00:00;EFECTIVO;;;
;VTA-0000003;DFF-IMP-A4BN;FOTOCOPIADORA;IMPRESION A4 BLANCO Y NEGRO;3;1;3;15/03/2026 0:00:00;EFECTIVO;;;
;VTA-0000003;DFF-IMP-A4CL;FOTOCOPIADORA;IMPRESION A4 A COLOR;14;0.5;7;15/03/2026 0:00:00;EFECTIVO;;;
;VTA-0000004;DFF-COP-A4BN;FOTOCOPIADORA;FOTOCOPIA A4 A BLANCO Y NEGRO;245;0.08;19.6;15/03/2026 0:00:00;EFECTIVO;;;
;VTA-0000005;PAPE-TRI-REG;UTILES;PAPELOTE TRIPLE RENGLON;3;0.6;1.8;16/03/2026 0:00:00;YAPE;;;
;VTA-0000006;HOJA-COLORES;UTILES;HOJA DE COLORES;3;0.5;1.5;16/03/2026 0:00:00;EFECTIVO;;;
;VTA-0000007;DFF-IMP-A4CL;FOTOCOPIADORA;IMPRESION A4 A COLOR;1;1;1;16/03/2026 0:00:00;EFECTIVO;;;
;VTA-0000008;DFF-COP-A4BN;FOTOCOPIADORA;FOTOCOPIA A4 A BLANCO Y NEGRO;6;0.1;0.6;16/03/2026 0:00:00;EFECTIVO;;;
;VTA-0000009;DFF-COP-A4BN;FOTOCOPIADORA;FOTOCOPIA A4 A BLANCO Y NEGRO;16;0.1;1.6;16/03/2026 0:00:00;EFECTIVO;;;
;VTA-0000010;DFF-COP-A4BN;FOTOCOPIADORA;FOTOCOPIA A4 A BLANCO Y NEGRO;23;0.1;2.3;16/03/2026 0:00:00;EFECTIVO;;;
;VTA-0000011;DFF-IMP-A4CL;FOTOCOPIADORA;IMPRESION A4 A COLOR;11;1;11;16/03/2026 0:00:00;EFECTIVO;;;
;VTA-0000012;DFF-IMP-A4BN;FOTOCOPIADORA;IMPRESION A4 BLANCO Y NEGRO;11;0.5;5.5;16/03/2026 0:00:00;YAPE;;;
;VTA-0000012;DFF-IMP-A4CL;FOTOCOPIADORA;IMPRESION A4 A COLOR;5;1;5;16/03/2026 0:00:00;YAPE;;;
;VTA-0000013;DFF-COP-A4BN;FOTOCOPIADORA;FOTOCOPIA A4 A BLANCO Y NEGRO;11;0.1;1.1;17/03/2026 0:00:00;YAPE;;;
;VTA-0000014;DFF-PRODUCTO-ESTANDAR;UTILES;PRODUCTO NN;1;1;1;17/03/2026 0:00:00;EFECTIVO;;;
;VTA-0000015;DFF-COP-A4BN;FOTOCOPIADORA;FOTOCOPIA A4 A BLANCO Y NEGRO;24;0.1;2.4;17/03/2026 0:00:00;EFECTIVO;;;
;VTA-0000016;DFF-IMP-A4CL;FOTOCOPIADORA;IMPRESION A4 A COLOR;1;1;1;17/03/2026 0:00:00;EFECTIVO;;;
;VTA-0000017;3013017958285;UTILES;TIJERAS ECONOMICAS YIMI;1;1.5;1.5;17/03/2026 0:00:00;EFECTIVO;;;
;VTA-0000018;DFF-COP-A4BN;FOTOCOPIADORA;FOTOCOPIA A4 A BLANCO Y NEGRO;1;0.1;0.1;17/03/2026 0:00:00;EFECTIVO;;;
;VTA-0000019;DFF-IMP-A4CL;FOTOCOPIADORA;IMPRESION A4 A COLOR;1;0.8;0.8;17/03/2026 0:00:00;EFECTIVO;;;
;VTA-0000020;DFF-COP-A4BN;FOTOCOPIADORA;FOTOCOPIA A4 A BLANCO Y NEGRO;3;0.1;0.3;17/03/2026 0:00:00;EFECTIVO;;;
;VTA-0000021;DFF-COP-A4BN;FOTOCOPIADORA;FOTOCOPIA A4 A BLANCO Y NEGRO;52;0.08;4.2;17/03/2026 0:00:00;YAPE;;;
;VTA-0000021;DFF-IMP-A4BN;FOTOCOPIADORA;IMPRESION A4 BLANCO Y NEGRO;3;0.5;1.5;17/03/2026 0:00:00;YAPE;;;
;VTA-0000022;DFF-IMP-A4CL;FOTOCOPIADORA;IMPRESION A4 A COLOR;2;1;2;17/03/2026 0:00:00;EFECTIVO;;;
;VTA-0000023;3013010065560;UTILES;PAPEL CREPE AMARILLO;2;1;2;17/03/2026 0:00:00;EFECTIVO;;;
;VTA-0000023;3013010065676;UTILES;PAPEL CREPE COLOR AZUL;1;1;1;17/03/2026 0:00:00;EFECTIVO;;;
;VTA-0000024;DFF-0000000030;UTILES;CARTULINA BLANCA;1;1;1;17/03/2026 0:00:00;EFECTIVO;;;
;VTA-0000025;HOJA-COLORES;UTILES;HOJA DE COLORES;4;0.2;0.8;17/03/2026 0:00:00;YAPE;;;
;VTA-0000026;7755354016070;UTILES;CUADERNO ALPHA 1X1 A4;1;6.5;6.5;17/03/2026 0:00:00;EFECTIVO;;;
;VTA-0000027;DFF-COP-A4BN;FOTOCOPIADORA;FOTOCOPIA A4 A BLANCO Y NEGRO;384;0.08;30.7;17/03/2026 0:00:00;EFECTIVO;;;
;VTA-0000028;7750082416109;UTILES;CAJA DE 1000 GRAPAS ARTESCO 26/6;1;3;3;17/03/2026 0:00:00;EFECTIVO;;;
;VTA-0000029;7750082003736;UTILES;GOMA LÍQUIDA ARTESCO MEDIANA;1;2.5;2.5;18/03/2026 0:00:00;EFECTIVO;;;
;VTA-0000030;HOJA-COLORES;UTILES;HOJA DE COLORES;9;0.2;1.8;18/03/2026 0:00:00;EFECTIVO;;;
;VTA-0000031;2050000117152;UTILES;CINTA EMBALAJE ECONOMICA;1;1.5;1.5;18/03/2026 0:00:00;YAPE;;;
;VTA-0000032;HOJA-COLORES;UTILES;HOJA DE COLORES;4;0.2;0.8;18/03/2026 0:00:00;EFECTIVO;;;
;VTA-0000033;DFF-COP-A4BN;FOTOCOPIADORA;FOTOCOPIA A4 A BLANCO Y NEGRO;15;0.1;1.5;18/03/2026 0:00:00;EFECTIVO;;;
;VTA-0000034;7750082003712;UTILES;LIMPIATIPOS ARTESCO;1;3;3;18/03/2026 0:00:00;EFECTIVO;;;
;VTA-0000034;7750737360665;UTILES;FOLDER MANILA NATURAL A4;1;1;1;18/03/2026 0:00:00;EFECTIVO;;;
;VTA-0000035;DFF-COP-A4BN;FOTOCOPIADORA;FOTOCOPIA A4 A BLANCO Y NEGRO;3;0.1;0.3;18/03/2026 0:00:00;EFECTIVO;;;
;VTA-0000036;DFF-COP-A4BN;FOTOCOPIADORA;FOTOCOPIA A4 A BLANCO Y NEGRO;4;0.1;0.4;18/03/2026 0:00:00;EFECTIVO;;;
;VTA-0000037;7754111018333;UTILES;PLUMON PIZARRA AZUL FABERCASTELL;1;2.5;2.5;18/03/2026 0:00:00;EFECTIVO;;;
;VTA-0000037;7754111032162;UTILES;PLUMON PIZARRA ROJO FABERCASTELL;1;2.5;2.5;18/03/2026 0:00:00;EFECTIVO;;;
;VTA-0000038;DFF-COP-A4BN;FOTOCOPIADORA;FOTOCOPIA A4 A BLANCO Y NEGRO;58;0.1;5.8;18/03/2026 0:00:00;EFECTIVO;;;
;VTA-0000039;DFF-0000000072;UTILES;PAPEL LUSTRE TURQUESA;1;0.6;0.6;18/03/2026 0:00:00;YAPE;;;
;VTA-0000040;DFF-IMP-A4CL;FOTOCOPIADORA;IMPRESION A4 A COLOR;1;1;1;18/03/2026 0:00:00;EFECTIVO;;;
;VTA-0000040;DFF-COP-A4CL;FOTOCOPIADORA;FOTOCOPIA A4 A COLOR;3;0.5;1.5;18/03/2026 0:00:00;EFECTIVO;;;
;VTA-0000041;DFF-0000000072;UTILES;PAPEL LUSTRE TURQUESA;1;0.6;0.6;18/03/2026 0:00:00;EFECTIVO;;;
;VTA-0000042;7754111131070;UTILES;CAJA DE TEMPERAS FABERCASTELL;1;9;9;18/03/2026 0:00:00;EFECTIVO;;;
;VTA-0000042;DFF-0000000092;UTILES;PINCEL NUMERO 10;1;2;2;18/03/2026 0:00:00;EFECTIVO;;;
;VTA-0000042;DFF-0000000100;UTILES;PINCEL NUMERO 2;1;1.5;1.5;18/03/2026 0:00:00;EFECTIVO;;;
;VTA-0000042;DFF-0000000091;UTILES;PALETA;1;2;2;18/03/2026 0:00:00;EFECTIVO;;;
;VTA-0000043;DFF-0000000094;UTILES;PINCEL NUMERO 8;1;2;2;18/03/2026 0:00:00;YAPE;;;
;VTA-0000043;DFF-0000000100;UTILES;PINCEL NUMERO 2;1;1.5;1.5;18/03/2026 0:00:00;YAPE;;;
;VTA-0000043;DFF-0000000091;UTILES;PALETA;1;2;2;18/03/2026 0:00:00;YAPE;;;
;VTA-0000044;7750082006157;UTILES;SILICONA LIQUIDA GRANDE ARTESCO 250ML;1;8;8;18/03/2026 0:00:00;EFECTIVO;;;
;VTA-0000045;7754111002905;UTILES;PLUMONES DELGADOS FABERCASTELL;1;8;8;18/03/2026 0:00:00;YAPE;;;
;VTA-0000046;7754807771344;UTILES;SET DE PLUMONES GRUESOS VINIFAN;1;9;9;18/03/2026 0:00:00;EFECTIVO;;;
;VTA-0000046;2050000398735;UTILES;LAPICERO OVE ECONOMICO ROJO;2;1;2;18/03/2026 0:00:00;EFECTIVO;;;
;VTA-0000046;2050000398704;UTILES;LAPICERO OVE ECONOMICO NEGRO;2;1;2;18/03/2026 0:00:00;EFECTIVO;;;
;VTA-0000046;2050000398674;UTILES;LAPICERO OVE ECONOMICO AZUL;2;1;2;18/03/2026 0:00:00;EFECTIVO;;;
;VTA-0000046;7750082007536;UTILES;GOMA EN BARRA MEDIANO ARTESCO;1;3;3;18/03/2026 0:00:00;EFECTIVO;;;
;VTA-0000046;7750082073838;UTILES;INDELEBLE DELGADO ARTESCO;1;4;4;18/03/2026 0:00:00;EFECTIVO;;;
;VTA-0000046;7750082208865;UTILES;CORRECTOR ARTESCO;1;3;3;18/03/2026 0:00:00;EFECTIVO;;;
;VTA-0000046;7750082003606;UTILES;CHEQUEO ROJO ARTESCO;1;1;1;18/03/2026 0:00:00;EFECTIVO;;;
;VTA-0000046;7754111016094;UTILES;PLUMON PIZARRA VERDE FABERCASTELL;1;1.5;1.5;18/03/2026 0:00:00;EFECTIVO;;;
;VTA-0000046;7754111032162;UTILES;PLUMON PIZARRA ROJO FABERCASTELL;1;1.5;1.5;18/03/2026 0:00:00;EFECTIVO;;;
;VTA-0000046;7754111018333;UTILES;PLUMON PIZARRA AZUL FABERCASTELL;2;1.5;3;18/03/2026 0:00:00;EFECTIVO;;;
;VTA-0000046;7754111032285;UTILES;PLUMON PIZARRA NEGRO FABERCASTELL;1;1.5;1.5;18/03/2026 0:00:00;EFECTIVO;;;
;VTA-0000046;7754807762717;UTILES;CAJA DE COLORES VINIFAN;1;7;7;18/03/2026 0:00:00;EFECTIVO;;;
;VTA-0000046;7750082003712;UTILES;LIMPIATIPOS ARTESCO;1;3;3;18/03/2026 0:00:00;EFECTIVO;;;
;VTA-0000046;7750082006157;UTILES;SILICONA LIQUIDA GRANDE ARTESCO 250ML;1;8;8;18/03/2026 0:00:00;EFECTIVO;;;
;VTA-0000046;7750082003408;UTILES;GOMA LÍQUIDA ARTESCO GRANDE;1;5;5;18/03/2026 0:00:00;EFECTIVO;;;
;VTA-0000046;7751690300484;UTILES;CINTA EMBALAJE GRUESA SHURTAPE;2;5;10;18/03/2026 0:00:00;EFECTIVO;;;
;VTA-0000046;7751690115460;UTILES;CINTA MASKING TAPE SHURTAPE 2X15;2;4;8;18/03/2026 0:00:00;EFECTIVO;;;
;VTA-0000046;3013010065898;UTILES;PAPEL CREPE CELESTE;1;1;1;18/03/2026 0:00:00;EFECTIVO;;;
;VTA-0000046;3013010066444;UTILES;PAPEL CREPE ANARANJADO;1;1;1;18/03/2026 0:00:00;EFECTIVO;;;
;VTA-0000046;3013010066666;UTILES;PAPEL CREPE ROJO;1;1;1;18/03/2026 0:00:00;EFECTIVO;;;
;VTA-0000046;3013010065560;UTILES;PAPEL CREPE AMARILLO;1;1;1;18/03/2026 0:00:00;EFECTIVO;;;
;VTA-0000046;3013010067106;UTILES;PAPEL CREPE VERDE;1;1;1;18/03/2026 0:00:00;EFECTIVO;;;
;VTA-0000046;DFF-0000000073;UTILES;PAPELOTE CUADRICULADO;10;0.6;6;18/03/2026 0:00:00;EFECTIVO;;;
;VTA-0000046;DFF-0000000074;UTILES;PAPELOTE BLANCO;5;0.6;3;18/03/2026 0:00:00;EFECTIVO;;;
;VTA-0000046;DFF-0000000075;UTILES;PAPELOTE RAYADO;10;0.6;6;18/03/2026 0:00:00;EFECTIVO;;;
;VTA-0000046;7750049008453;UTILES;SKETCH BOOK SURCO;1;6.5;6.5;18/03/2026 0:00:00;EFECTIVO;;;
;VTA-0000046;HOJA-COLORES;UTILES;HOJA DE COLORES;100;0.08;8;18/03/2026 0:00:00;EFECTIVO;;;
;VTA-0000046;7750082207394;UTILES;REGLA DE 20 CM ARTESCO;1;1.2;1.2;18/03/2026 0:00:00;EFECTIVO;;;
;VTA-0000046;7750822012387;UTILES;CUADERNO RAYADO STANDFORD;5;6.5;32.5;18/03/2026 0:00:00;EFECTIVO;;;
;VTA-0000046;7750822012370;UTILES;CUADERNO STANDFORD CUADRICULADO A4 SIN STICKER;1;6.5;6.5;18/03/2026 0:00:00;EFECTIVO;;;
;VTA-0000046;PAPEL-BOND;UTILES;HOJA BOND A4 ATLAS;100;0.06;6;18/03/2026 0:00:00;EFECTIVO;;;
;VTA-0000046;DFF-0000000029;UTILES;PAPEL LUSTRE CON DISEÑO NORMAL;5;1;5;18/03/2026 0:00:00;EFECTIVO;;;
;VTA-0000046;7750082005570;UTILES;CAJA DE CHINCHE DORADO ARTESCO;1;2;2;18/03/2026 0:00:00;EFECTIVO;;;
;VTA-0000046;MOTA-ARTESCO;UTILES;MOTA ARTESCO;1;3;3;18/03/2026 0:00:00;EFECTIVO;;;
;VTA-0000046;DFF-0000000052;UTILES;CARTULINA CANSON AMARILLA;1;1.2;1.2;18/03/2026 0:00:00;EFECTIVO;;;
;VTA-0000046;DFF-0000000053;UTILES;CARTULINA CANSON ANARANJADA;2;1.2;2.4;18/03/2026 0:00:00;EFECTIVO;;;
;VTA-0000046;DFF-0000000060;UTILES;CARTULINA CANSON TURQUESA;1;1.2;1.2;18/03/2026 0:00:00;EFECTIVO;;;
;VTA-0000046;DFF-0000000054;UTILES;CARTULINA CANSON VERDE HOJA;1;1.2;1.2;18/03/2026 0:00:00;EFECTIVO;;;
;VTA-0000047;DFF-0000000097;UTILES;PINCEL NUMERO 5;2;1.5;3;19/03/2026 0:00:00;EFECTIVO;;;
;VTA-0000047;DFF-0000000077;UTILES;TEMPERA SUELTA;1;2;2;19/03/2026 0:00:00;EFECTIVO;;;
;VTA-0000048;DFF-0000000076;UTILES;TEMPERA APU;1;2;2;19/03/2026 0:00:00;EFECTIVO;;;
;VTA-0000049;7754111131070;UTILES;CAJA DE TEMPERAS FABERCASTELL;1;9;9;19/03/2026 0:00:00;EFECTIVO;;;
;VTA-0000050;7754807790925;UTILES;TAJADOR VINIFAN DOBLE PUNTA;1;2.5;2.5;19/03/2026 0:00:00;EFECTIVO;;;
;VTA-0000051;DFF-0000000078;UTILES;PINCEL ECONOMICO;3;1;3;19/03/2026 0:00:00;EFECTIVO;;;
;VTA-0000052;7754111131070;UTILES;CAJA DE TEMPERAS FABERCASTELL;1;9;9;19/03/2026 0:00:00;YAPE;;;
;VTA-0000053;DFF-0000000078;UTILES;PINCEL ECONOMICO;3;1;3;19/03/2026 0:00:00;YAPE;;;
;VTA-0000054;DFF-COP-A4BN;FOTOCOPIADORA;FOTOCOPIA A4 A BLANCO Y NEGRO;32;0.1;3.2;19/03/2026 0:00:00;EFECTIVO;;;
;VTA-0000055;DFF-COP-A4BN;FOTOCOPIADORA;FOTOCOPIA A4 A BLANCO Y NEGRO;4;0.1;0.4;19/03/2026 0:00:00;EFECTIVO;;;
;VTA-0000056;7754111131070;UTILES;CAJA DE TEMPERAS FABERCASTELL;1;9;9;19/03/2026 0:00:00;EFECTIVO;;;
;VTA-0000057;DFF-0000000078;UTILES;PINCEL ECONOMICO;3;1;3;19/03/2026 0:00:00;EFECTIVO;;;
;VTA-0000058;DFF-0000000091;UTILES;PALETA;1;2.5;2.5;19/03/2026 0:00:00;EFECTIVO;;;
;VTA-0000059;7754807020015;UTILES;VINIFAN OFICIO;1;12;12;19/03/2026 0:00:00;YAPE;;;
;VTA-0000060;2050000594175;UTILES;CINTA EMBALAJE YIMI;1;4;4;19/03/2026 0:00:00;EFECTIVO;;;
;VTA-0000061;DFF-COP-A4BN;FOTOCOPIADORA;FOTOCOPIA A4 A BLANCO Y NEGRO;275;0.08;22;19/03/2026 0:00:00;YAPE;;;
;VTA-0000062;7754111667029;UTILES;INDELEBLE DELGADO FABERCASTELL;1;4;4;20/03/2026 0:00:00;EFECTIVO;;;
;VTA-0000063;7754111015707;UTILES;PLUMON ROJO GRUESO DE PAPEL FABER CASTELL WINNER 47;1;2;2;20/03/2026 0:00:00;EFECTIVO;;;
;VTA-0000064;DFF-IMP-A4CL;FOTOCOPIADORA;IMPRESION A4 A COLOR;1;1;1;20/03/2026 0:00:00;EFECTIVO;;;
;VTA-0000064;DFF-IMP-A4BN;FOTOCOPIADORA;IMPRESION A4 BLANCO Y NEGRO;1;0.5;0.5;20/03/2026 0:00:00;EFECTIVO;;;
;VTA-0000065;DFF-COP-A4BN;FOTOCOPIADORA;FOTOCOPIA A4 A BLANCO Y NEGRO;68;0.1;6.8;20/03/2026 0:00:00;EFECTIVO;;;
;VTA-0000066;DFF-IMP-A4CL;FOTOCOPIADORA;IMPRESION A4 A COLOR;1;1;1;20/03/2026 0:00:00;EFECTIVO;;;
;VTA-0000067;DFF-IMP-A4CL;FOTOCOPIADORA;IMPRESION A4 A COLOR;2;1;2;20/03/2026 0:00:00;YAPE;;;
;VTA-0000068;7750822012844;UTILES;CUADERNO STANDFORD TRIPLE RENGLON SOMBREADO A4 SIN STICKER;1;6.5;6.5;20/03/2026 0:00:00;YAPE;;;
;VTA-0000069;7750737360665;UTILES;FOLDER MANILA NATURAL A4;1;1;1;20/03/2026 0:00:00;YAPE;;;
;VTA-0000069;7750082015371;UTILES;FASTER ARTESCO DE METAL;1;0.5;0.5;20/03/2026 0:00:00;YAPE;;;
;VTA-0000070;7750822012370;UTILES;CUADERNO STANDFORD CUADRICULADO A4 SIN STICKER;1;6.5;6.5;20/03/2026 0:00:00;EFECTIVO;;;
;VTA-0000071;7750082207394;UTILES;REGLA DE 20 CM ARTESCO;1;1;1;20/03/2026 0:00:00;EFECTIVO;;;
;VTA-0000072;DFF-0000000070;UTILES;PAPEL LUSTRE AMARILLO;1;0.6;0.6;22/03/2026 22:22:50;EFECTIVO;;;
;VTA-0000072;DFF-0000000009;UTILES;REGLA RECTANGULAR CON LETRAS;1;1;1;22/03/2026 22:22:50;EFECTIVO;;;
;VTA-0000073;DFF-COP-A4BN;FOTOCOPIADORA;FOTOCOPIA A4 A BLANCO Y NEGRO;262;0.08;21;22/03/2026 22:30:26;EFECTIVO;;;
;VTA-0000074;DFF-0000000077;UTILES;TEMPERA SUELTA;1;1.8;1.8;23/03/2026 12:40:39;EFECTIVO;;;
;VTA-0000074;DFF-0000000030;UTILES;CARTULINA BLANCA;1;1;1;23/03/2026 12:40:39;EFECTIVO;;;
;VTA-0000075;DFF-0000000030;UTILES;CARTULINA BLANCA;1;1;1;23/03/2026 12:42:29;YAPE;;;
;VTA-0000076;DFF-0000000079;UTILES;LUPA GRANDE;1;5;5;23/03/2026 12:55:30;EFECTIVO;;;
;VTA-0000077;HOJA-COLORES;UTILES;HOJA DE COLORES;6;0.2;1.2;23/03/2026 12:58:41;EFECTIVO;;;
;VTA-0000077;DFF-0000000080;UTILES;CARTULINA A4;2;0.5;1;23/03/2026 12:58:41;EFECTIVO;;;
;VTA-0000077;7750082006133;UTILES;SILICONA LIQUIDA PEQUEÑA ARTESCO 30ML;1;2;2;23/03/2026 12:58:41;EFECTIVO;;;
;VTA-0000078;7891360679189;UTILES;CAJA DE COLORES FABERCASTELL;1;8;8;23/03/2026 13:01:27;EFECTIVO;;;
;VTA-0000079;DFF-0000000076;UTILES;TEMPERA APU;1;2;2;23/03/2026 13:01:59;YAPE;;;
;VTA-0000079;DFF-0000000030;UTILES;CARTULINA BLANCA;1;1;1;23/03/2026 13:01:59;YAPE;;;
;VTA-0000080;DFF-0000000030;UTILES;CARTULINA BLANCA;1;1;1;23/03/2026 13:02:23;YAPE;;;
;VTA-0000081;DFF-0000000066;UTILES;CARTULINA CANSON MARRON;1;1;1;23/03/2026 13:06:22;YAPE;;;
;VTA-0000081;DFF-0000000030;UTILES;CARTULINA BLANCA;1;1;1;23/03/2026 13:06:22;YAPE;;;
;VTA-0000081;HOJA-COLORES;UTILES;HOJA DE COLORES;6;0.2;1.2;23/03/2026 13:06:22;YAPE;;;
;VTA-0000081;7750082006133;UTILES;SILICONA LIQUIDA PEQUEÑA ARTESCO 30ML;1;2;2;23/03/2026 13:06:22;YAPE;;;
;VTA-0000082;DFF-IMP-A4BN;FOTOCOPIADORA;IMPRESION A4 BLANCO Y NEGRO;21;0.5;10.5;23/03/2026 13:07:02;YAPE;;;
;VTA-0000083;7750082416178;UTILES;MICA A4 ARTESCO;1;1;1;23/03/2026 13:10:37;EFECTIVO;;;
;VTA-0000084;DFF-COP-A4BN;FOTOCOPIADORA;FOTOCOPIA A4 A BLANCO Y NEGRO;44;0.08;3.5;23/03/2026 13:13:27;EFECTIVO;;;
;VTA-0000085;DFF-0000000081;UTILES;LENTEJUELAS GRANDES;1;1;1;23/03/2026 13:16:00;EFECTIVO;;;
;VTA-0000086;DFF-0000000082;UTILES;LENTEJUELAS PEQUEÑAS;2;0.5;1;23/03/2026 13:17:38;EFECTIVO;;;
;VTA-0000087;7750082003736;UTILES;GOMA LÍQUIDA ARTESCO MEDIANA;1;2.5;2.5;23/03/2026 13:17:38;YAPE;;;
;VTA-0000088;DFF-IMP-A4CL;FOTOCOPIADORA;IMPRESION A4 A COLOR;9;1;9;23/03/2026 13:17:38;YAPE;;;
;VTA-0000089;HOJA-COLORES;UTILES;HOJA DE COLORES;3;0.2;0.6;24/03/2026 13:11:39;YAPE;;;
;VTA-0000089;7750082003736;UTILES;GOMA LÍQUIDA ARTESCO MEDIANA;1;2.5;2.5;24/03/2026 13:11:39;YAPE;;;
;VTA-0000090;DFF-0000000079;UTILES;LUPA GRANDE;1;5;5;24/03/2026 13:12:05;EFECTIVO;;;
;VTA-0000091;DFF-0000000079;UTILES;LUPA GRANDE;1;5;5;24/03/2026 13:12:19;EFECTIVO;;;
;VTA-0000092;DFF-0000000080;UTILES;CARTULINA A4;1;0.5;0.5;24/03/2026 13:14:30;EFECTIVO;;;
;VTA-0000092;7754807720137;UTILES;SILICONA LIQUIDA PEQUEÑA VINIFAN 30 ML;1;2;2;24/03/2026 13:14:30;EFECTIVO;;;
;VTA-0000092;HOJA-COLORES;UTILES;HOJA DE COLORES;6;0.2;1.2;24/03/2026 13:14:30;EFECTIVO;;;
;VTA-0000092;PAPEL-BOND;UTILES;HOJA BOND A4 ATLAS;8;0.1;0.8;24/03/2026 13:14:30;EFECTIVO;;;
;VTA-0000093;DFF-0000000080;UTILES;CARTULINA A4;1;0.5;0.5;24/03/2026 13:15:57;EFECTIVO;;;
;VTA-0000093;PAPEL-BOND;UTILES;HOJA BOND A4 ATLAS;8;0.1;0.8;24/03/2026 13:15:57;EFECTIVO;;;
;VTA-0000093;HOJA-COLORES;UTILES;HOJA DE COLORES;6;0.2;1.2;24/03/2026 13:15:57;EFECTIVO;;;
;VTA-0000094;DFF-COP-A4CL;FOTOCOPIADORA;FOTOCOPIA A4 A COLOR;10;0.4;4;24/03/2026 13:17:41;EFECTIVO;;;
;VTA-0000095;DFF-COP-A4BN;FOTOCOPIADORA;FOTOCOPIA A4 A BLANCO Y NEGRO;40;0.08;3.2;24/03/2026 13:18:55;EFECTIVO;;;
;VTA-0000096;DFF-COP-A4BN;FOTOCOPIADORA;FOTOCOPIA A4 A BLANCO Y NEGRO;26;0.08;2.1;24/03/2026 13:19:37;YAPE;;;
;VTA-0000097;DFF-COP-A4BN;FOTOCOPIADORA;FOTOCOPIA A4 A BLANCO Y NEGRO;25;0.08;2;24/03/2026 13:20:39;EFECTIVO;;;
;VTA-0000098;DFF-IMP-A4BN;FOTOCOPIADORA;IMPRESION A4 BLANCO Y NEGRO;14;0.5;7;24/03/2026 20:21:04;EFECTIVO;;;
;VTA-0000098;DFF-COP-A4BN;FOTOCOPIADORA;FOTOCOPIA A4 A BLANCO Y NEGRO;1;0.1;0.1;24/03/2026 20:21:04;EFECTIVO;;;
;VTA-0000098;DFF-TIPEO;UTILES;TIPEO PERSONALIZADO;1;0.5;0.5;24/03/2026 20:21:04;EFECTIVO;;;
;VTA-0000098;DFF-IMP-A4CL;FOTOCOPIADORA;IMPRESION A4 A COLOR;1;0.5;0.5;24/03/2026 20:21:04;EFECTIVO;;;
;VTA-0000099;DFF-IMP-A4CL;FOTOCOPIADORA;IMPRESION A4 A COLOR;1;0.5;0.5;24/03/2026 20:23:57;EFECTIVO;;;
;VTA-0000100;DFF-0000000100;UTILES;PINCEL NUMERO 2;1;1;1;25/03/2026 1:15:28;EFECTIVO;;;
;VTA-0000100;DFF-0000000092;UTILES;PINCEL NUMERO 10;1;2;2;25/03/2026 1:15:28;EFECTIVO;;;
;VTA-0000100;DFF-0000000030;UTILES;CARTULINA BLANCA;1;1;1;25/03/2026 1:15:28;EFECTIVO;;;
;VTA-0000101;DFF-0000000080;UTILES;CARTULINA A4;1;1;1;25/03/2026 1:15:28;EFECTIVO;;;
;VTA-0000102;DFF-0000000080;UTILES;CARTULINA A4;1;0.5;0.5;25/03/2026 1:15:28;EFECTIVO;;;
;VTA-0000103;DFF-0000000080;UTILES;CARTULINA A4;2;0.5;1;25/03/2026 1:15:28;EFECTIVO;;;
;VTA-0000103;HOJA-COLORES;UTILES;HOJA DE COLORES;10;0.2;2;25/03/2026 1:15:28;EFECTIVO;;;
;VTA-0000104;DFF-0000000080;UTILES;CARTULINA A4;2;0.5;1;25/03/2026 1:15:28;EFECTIVO;;;
;VTA-0000104;HOJA-COLORES;UTILES;HOJA DE COLORES;6;0.2;1.2;25/03/2026 1:15:28;EFECTIVO;;;
;VTA-0000104;7750082006133;UTILES;SILICONA LIQUIDA PEQUEÑA ARTESCO 30ML;1;2;2;25/03/2026 1:15:28;EFECTIVO;;;
;VTA-0000105;DFF-COP-A4BN;FOTOCOPIADORA;FOTOCOPIA A4 A BLANCO Y NEGRO;51;0.08;4.1;25/03/2026 1:15:28;EFECTIVO;;;
;VTA-0000106;DFF-COP-A4BN;FOTOCOPIADORA;FOTOCOPIA A4 A BLANCO Y NEGRO;24;0.08;1.9;25/03/2026 1:15:28;EFECTIVO;;;
;VTA-0000107;DFF-0000000030;UTILES;CARTULINA BLANCA;1;1;1;25/03/2026 1:15:28;EFECTIVO;;;
;VTA-0000108;DFF-IMP-A4CL;FOTOCOPIADORA;IMPRESION A4 A COLOR;1;1;1;25/03/2026 1:15:28;EFECTIVO;;;
;VTA-0000109;DFF-IMP-A4BN;FOTOCOPIADORA;IMPRESION A4 BLANCO Y NEGRO;1;0.5;0.5;25/03/2026 1:15:28;EFECTIVO;;;
;VTA-0000109;DFF-IMP-A4CL;FOTOCOPIADORA;IMPRESION A4 A COLOR;10;1;10;25/03/2026 1:15:28;EFECTIVO;;;
;VTA-0000110;DFF-COP-A4BN;FOTOCOPIADORA;FOTOCOPIA A4 A BLANCO Y NEGRO;251;0.08;20.1;25/03/2026 1:15:28;EFECTIVO;;;
;VTA-0000111;DFF-0000000030;UTILES;CARTULINA BLANCA;2;1;2;26/03/2026 13:27:00;EFECTIVO;;;
;VTA-0000112;PAPEL-BOND;UTILES;HOJA BOND A4 ATLAS;5;0.1;0.5;26/03/2026 13:27:24;EFECTIVO;;;
;VTA-0000113;HOJA-COLORES;UTILES;HOJA DE COLORES;10;0.2;2;26/03/2026 13:27:46;EFECTIVO;;;
;VTA-0000114;DFF-0000000075;UTILES;PAPELOTE RAYADO;1;0.6;0.6;26/03/2026 13:32:51;YAPE;;;
;VTA-0000114;;UTILES;PAPELOTE BLANCO;1;0.6;0.6;26/03/2026 13:32:51;YAPE;;;
;VTA-0000115;DFF-0000000030;UTILES;CARTULINA BLANCA;1;1;1;26/03/2026 13:33:10;YAPE;;;
;VTA-0000116;DFF-COP-DNIBN;FOTOCOPIADORA;FOTOCOPIA DNI BLANCO Y NEGRO;2;0.3;0.6;26/03/2026 13:33:42;EFECTIVO;;;
;VTA-0000117;7750082416178;UTILES;MICA A4 ARTESCO;1;1;1;26/03/2026 13:34:16;EFECTIVO;;;
;VTA-0000118;DFF-LAMINA;UTILES;LAMINAS;2;1;2;26/03/2026 13:36:20;EFECTIVO;;;
;VTA-0000119;DFF-IMP-A4BN;FOTOCOPIADORA;IMPRESION A4 BLANCO Y NEGRO;1;0.5;0.5;26/03/2026 13:37:17;EFECTIVO;;;
;VTA-0000120;7750082006157;UTILES;SILICONA LIQUIDA GRANDE ARTESCO 250ML;1;8;8;26/03/2026 13:37:42;YAPE;;;
;VTA-0000121;DFF-COP-A4BN;FOTOCOPIADORA;FOTOCOPIA A4 A BLANCO Y NEGRO;41;0.08;3.3;26/03/2026 13:38:16;EFECTIVO;;;
;VTA-0000122;DFF-0000000030;UTILES;CARTULINA BLANCA;1;1;1;26/03/2026 13:40:00;EFECTIVO;;;
;VTA-0000123;DFF-0000000030;UTILES;CARTULINA BLANCA;1;1;1;26/03/2026 13:41:49;EFECTIVO;;;
;VTA-0000124;DFF-0000000030;UTILES;CARTULINA BLANCA;1;1;1;26/03/2026 13:42:00;EFECTIVO;;;
;VTA-0000125;DFF-IMP-A4CL;FOTOCOPIADORA;IMPRESION A4 A COLOR;14;1;14;26/03/2026 13:42:26;EFECTIVO;;;
;VTA-0000126;DFF-COP-A4BN;FOTOCOPIADORA;FOTOCOPIA A4 A BLANCO Y NEGRO;403;0.08;32.2;26/03/2026 13:43:40;EFECTIVO;;;
;VTA-0000127;DFF-0000000073;UTILES;PAPELOTE BLANCO;1;0.6;0.6;26/03/2026 13:50:41;YAPE;;;
;VTA-0000127;DFF-0000000073;UTILES;PAPELOTE CUADRICULADO;1;0.6;0.6;26/03/2026 13:50:41;YAPE;;;
;VTA-0000127;DFF-IMP-A4BN;FOTOCOPIADORA;IMPRESION A4 BLANCO Y NEGRO;214;0.5;107;26/03/2026 13:50:41;YAPE;;;
;VTA-0000127;DFF-COP-A4BN;FOTOCOPIADORA;FOTOCOPIA A4 A BLANCO Y NEGRO;9;0.08;0.7;26/03/2026 13:50:41;YAPE;;;
;VTA-0000128;7754807720137;UTILES;SILICONA LIQUIDA PEQUEÑA VINIFAN 30 ML;1;2;2;26/03/2026 13:51:02;EFECTIVO;;;
;VTA-0000129;DFF-0000000080;UTILES;CARTULINA A4;1;0.5;0.5;27/03/2026 15:44:05;EFECTIVO;;;
;VTA-0000129;HOJA-COLORES;UTILES;HOJA DE COLORES;5;0.2;1;27/03/2026 15:44:05;EFECTIVO;;;
;VTA-0000130;DFF-0000000080;UTILES;CARTULINA A4;1;0.5;0.5;27/03/2026 15:44:56;EFECTIVO;;;
;VTA-0000130;PAPEL-BOND;UTILES;HOJA BOND A4 ATLAS;8;0.1;0.8;27/03/2026 15:44:56;EFECTIVO;;;
;VTA-0000131;DFF-0000000080;UTILES;CARTULINA A4;2;0.5;1;27/03/2026 15:45:52;EFECTIVO;;;
;VTA-0000131;HOJA-COLORES;UTILES;HOJA DE COLORES;2;0.2;0.4;27/03/2026 15:45:52;EFECTIVO;;;
;VTA-0000132;HOJA-COLORES;UTILES;HOJA DE COLORES;2;0.2;0.4;27/03/2026 15:46:17;EFECTIVO;;;
;VTA-0000133;DFF-0000000080;UTILES;CARTULINA A4;1;0.5;0.5;27/03/2026 15:46:40;YAPE;;;
;VTA-0000134;DFF-0000000080;UTILES;CARTULINA A4;1;0.5;0.5;27/03/2026 15:46:56;YAPE;;;
;VTA-0000135;DFF-COP-A4BN;FOTOCOPIADORA;FOTOCOPIA A4 A BLANCO Y NEGRO;20;0.1;2;27/03/2026 15:47:30;EFECTIVO;;;
;VTA-0000136;7750822012370;UTILES;CUADERNO STANDFORD CUADRICULADO A4 SIN STICKER;1;6.5;6.5;27/03/2026 15:48:19;EFECTIVO;;;
;VTA-0000137;DFF-IMP-A4CL;FOTOCOPIADORA;IMPRESION A4 A COLOR;4;1;4;27/03/2026 15:48:39;EFECTIVO;;;
;VTA-0000138;DFF-COP-A4BN;FOTOCOPIADORA;FOTOCOPIA A4 A BLANCO Y NEGRO;10;0.1;1;28/03/2026 15:50:20;EFECTIVO;;;
;VTA-0000139;DFF-COP-A4BN;FOTOCOPIADORA;FOTOCOPIA A4 A BLANCO Y NEGRO;52;0.08;4.2;30/03/2026 10:03:38;EFECTIVO;;;
;VTA-0000140;DFF-COP-A4BN;FOTOCOPIADORA;FOTOCOPIA A4 A BLANCO Y NEGRO;48;0.08;3.8;30/03/2026 10:04:48;EFECTIVO;;;
;VTA-0000141;7750082006157;UTILES;SILICONA LIQUIDA GRANDE ARTESCO 250ML;1;8;8;30/03/2026 15:30:23;EFECTIVO;;;
;VTA-0000142;7750833310380;UTILES;SERPENTINA HOLIDAYS;1;1.5;1.5;30/03/2026 15:41:52;YAPE;;;
;VTA-0000143;7750833310380;UTILES;SERPENTINA HOLIDAYS;1;1;1;30/03/2026 15:42:36;EFECTIVO;;;
;VTA-0000144;7750833310380;UTILES;SERPENTINA HOLIDAYS;1;1.5;1.5;30/03/2026 15:43:16;EFECTIVO;;;
;VTA-0000145;DFF-IMP-A4CL;FOTOCOPIADORA;IMPRESION A4 A COLOR;1;1;1;30/03/2026 15:43:47;EFECTIVO;;;
;VTA-0000146;7754111532013;UTILES;LAPICERO FABERCASTEL TRULUX 032 ECONOMICO AZUL;1;1;1;30/03/2026 15:45:11;EFECTIVO;;;
;VTA-0000147;DFF-COP-A4BN;FOTOCOPIADORA;FOTOCOPIA A4 A BLANCO Y NEGRO;52;0.08;4.2;31/03/2026 13:46:28;YAPE;;;
;VTA-0000148;DFF-COP-A4BN;FOTOCOPIADORA;FOTOCOPIA A4 A BLANCO Y NEGRO;5;0.1;0.5;31/03/2026 13:46:28;YAPE;;;
;VTA-0000149;DFF-COP-A4BN;FOTOCOPIADORA;FOTOCOPIA A4 A BLANCO Y NEGRO;1;0.1;0.1;31/03/2026 13:46:28;EFECTIVO;;;
;VTA-0000150;DFF-IMP-A4CL;FOTOCOPIADORA;IMPRESION A4 A COLOR;1;1;1;31/03/2026 13:46:28;YAPE;;;
;VTA-0000151;7754807080279;UTILES;MICA A4 VINIFAN;1;1;1;31/03/2026 13:46:28;YAPE;;;
;VTA-0000152;DFF-IMP-A4CL;FOTOCOPIADORA;IMPRESION A4 A COLOR;1;1;1;31/03/2026 13:46:28;EFECTIVO;;;
;VTA-0000153;3013017958285;UTILES;TIJERAS ECONOMICAS YIMI;1;1.5;1.5;31/03/2026 13:46:28;EFECTIVO;;;
;VTA-0000154;DFF-COP-A4BN;FOTOCOPIADORA;FOTOCOPIA A4 A BLANCO Y NEGRO;10;0.08;0.8;31/03/2026 13:46:28;EFECTIVO;;;
;VTA-0000155;6947860582304;UTILES;PERFORADOR ECONOMICO;1;5;5;31/03/2026 13:46:28;YAPE;;;
;VTA-0000156;DFF-COP-A4BN;FOTOCOPIADORA;FOTOCOPIA A4 A BLANCO Y NEGRO;26;0.08;2.1;31/03/2026 13:46:28;EFECTIVO;;;
;VTA-0000157;7754807771344;UTILES;SET DE PLUMONES GRUESOS VINIFAN;1;9;9;1/04/2026 13:57:53;EFECTIVO;;;
;VTA-0000158;DFF-COP-A4BN;FOTOCOPIADORA;FOTOCOPIA A4 A BLANCO Y NEGRO;11;0.1;1.1;1/04/2026 13:59:12;EFECTIVO;;;
;VTA-0000159;DFF-COP-A4BN;FOTOCOPIADORA;FOTOCOPIA A4 A BLANCO Y NEGRO;79;0.08;6.3;1/04/2026 14:00:21;EFECTIVO;;;
;VTA-0000160;DFF-COP-A4BN;FOTOCOPIADORA;FOTOCOPIA A4 A BLANCO Y NEGRO;100;0.08;8;1/04/2026 14:00:41;EFECTIVO;;;
;VTA-0000161;DFF-0000000066;UTILES;CARTULINA CANSON MARRON;1;1.2;1.2;1/04/2026 14:02:32;YAPE;;;
;VTA-0000161;7750805001377;UTILES;CARTULINA DUPLEX 100X70CM;1;2;2;1/04/2026 14:02:32;YAPE;;;
;VTA-0000162;7754111019484;UTILES;CRAYOLA JUMBO FABERCASTELL;1;5.5;5.5;1/04/2026 14:14:36;YAPE;;;
;VTA-0000162;DFF-0000000130;UTILES;BOLSA DE TELA;1;5;5;1/04/2026 14:14:36;YAPE;;;
;VTA-0000163;2050000167225;UTILES;MICROPOROSO ADHESIVO ESCARCHADO DORADO;2;4;8;3/04/2026 14:44:15;EFECTIVO;;;
;VTA-0000164;DFF-COP-A4BN;FOTOCOPIADORA;FOTOCOPIA A4 A BLANCO Y NEGRO;230;0.08;18.4;6/04/2026 9:43:17;YAPE;;;
;VTA-0000165;DFF-IMP-A4CL;FOTOCOPIADORA;IMPRESION A4 A COLOR;54;1;54;6/04/2026 9:44:01;YAPE;;;
;VTA-0000166;7750082002623;UTILES;PLASTILINA JUMBO ARTESCO;1;5.5;5.5;6/04/2026 9:45:31;EFECTIVO;;;
;VTA-0000167;DFF-0000000051;UTILES;CARTULINA CANSON NEGRA;1;1.5;1.5;6/04/2026 9:47:12;YAPE;;;
;VTA-0000168;7754807720144;UTILES;SILICONA LIQUIDA MEDIANA VINIFAN 100 ML;1;4;4;6/04/2026 9:47:47;EFECTIVO;;;
;VTA-0000169;DFF-COP-A4BN;FOTOCOPIADORA;FOTOCOPIA A4 A BLANCO Y NEGRO;4;0.1;0.4;6/04/2026 9:48:29;EFECTIVO;;;
;VTA-0000170;DFF-COP-DNIBN;FOTOCOPIADORA;FOTOCOPIA DNI BLANCO Y NEGRO;1;0.3;0.3;6/04/2026 9:49:19;EFECTIVO;;;
;VTA-0000171;PAPEL-BOND;UTILES;HOJA BOND A4 ATLAS;5;0.1;0.5;6/04/2026 9:51:21;YAPE;;;
;VTA-0000171;DFF-0000000080;UTILES;CARTULINA A4;1;0.5;0.5;6/04/2026 9:51:21;YAPE;;;
;VTA-0000172;DFF-0000000080;UTILES;CARTULINA A4;1;0.5;0.5;6/04/2026 9:55:02;EFECTIVO;;;
;VTA-0000172;DFF-0000000105;UTILES;HOJA DE COLOR ROJO;2;0.2;0.4;6/04/2026 9:55:02;EFECTIVO;;;
;VTA-0000172;PAPEL-BOND;UTILES;HOJA BOND A4 ATLAS;2;0.1;0.2;6/04/2026 9:55:02;EFECTIVO;;;
;VTA-0000172;7750082006133;UTILES;SILICONA LIQUIDA PEQUEÑA ARTESCO 30ML;1;2;2;6/04/2026 9:55:02;EFECTIVO;;;
;VTA-0000173;7750822012387;UTILES;CUADERNO STANDFORD RAYADO;1;6.5;6.5;6/04/2026 9:56:17;YAPE;;;
;VTA-0000174;DFF-0000000080;UTILES;CARTULINA A4;2;0.5;1;6/04/2026 9:56:51;EFECTIVO;;;
;VTA-0000175;DFF-0000000080;UTILES;CARTULINA A4;2;0.5;1;6/04/2026 9:59:29;YAPE;;;
;VTA-0000175;DFF-0000000105;UTILES;HOJA DE COLOR ROJO;2;0.2;0.4;6/04/2026 9:59:29;YAPE;;;
;VTA-0000176;DFF-COP-A4BN;FOTOCOPIADORA;FOTOCOPIA A4 A BLANCO Y NEGRO;14;0.08;1.1;6/04/2026 12:04:08;EFECTIVO;;;
;VTA-0000176;DFF-IMP-A3CL;FOTOCOPIADORA;IMPRESION A3 A COLOR;2;2;4;6/04/2026 12:04:08;EFECTIVO;;;
;VTA-0000177;DFF-0000000060;UTILES;CARTULINA CANSON TURQUESA;1;1.2;1.2;6/04/2026 23:07:00;EFECTIVO;;;
;VTA-0000178;DFF-IMP-A4BN;FOTOCOPIADORA;IMPRESION A4 BLANCO Y NEGRO;21;0.5;10.5;6/04/2026 23:07:50;YAPE;;;
;VTA-0000179;DFF-IMP-A3CL;FOTOCOPIADORA;IMPRESION A3 A COLOR;1;2;2;6/04/2026 23:11:16;EFECTIVO;;;
;VTA-0000179;DFF-COP-A4BN;FOTOCOPIADORA;FOTOCOPIA A4 A BLANCO Y NEGRO;10;0.08;0.8;6/04/2026 23:11:16;EFECTIVO;;;
;VTA-0000179;DFF-IMP-A4BN;FOTOCOPIADORA;IMPRESION A4 BLANCO Y NEGRO;12;0.5;6;6/04/2026 23:11:16;EFECTIVO;;;
;VTA-0000180;DFF-COP-A4BN;FOTOCOPIADORA;FOTOCOPIA A4 A BLANCO Y NEGRO;275;0.08;22;6/04/2026 23:13:48;YAPE;;;
;VTA-0000181;DFF-IMP-FOTOCL;FOTOCOPIADORA;IMPRESION PAPEL FOTO A COLOR;1;2;2;6/04/2026 23:14:29;YAPE;;;
;VTA-0000182;7755354016070;UTILES;CUADERNO ALPHA 1X1 A4;1;6.5;6.5;7/04/2026 15:33:50;YAPE;;;
;VTA-0000183;7750082003606;UTILES;CHEQUEO ROJO ARTESCO;1;1;1;7/04/2026 15:34:47;EFECTIVO;;;
;VTA-0000184;DFF-0000000080;UTILES;CARTULINA A4;2;0.5;1;7/04/2026 15:37:28;YAPE;;;
;VTA-0000184;PAPEL-BOND;UTILES;HOJA BOND A4 ATLAS;4;0.1;0.4;7/04/2026 15:37:28;YAPE;;;
;VTA-0000184;7754807720137;UTILES;SILICONA LIQUIDA PEQUEÑA VINIFAN 30 ML;1;2;2;7/04/2026 15:37:28;YAPE;;;
;VTA-0000185;DFF-0000000080;UTILES;CARTULINA A4;2;0.5;1;7/04/2026 15:38:45;EFECTIVO;;;
;VTA-0000186;DFF-COP-A4BN;FOTOCOPIADORA;FOTOCOPIA A4 A BLANCO Y NEGRO;32;0.1;3.2;7/04/2026 15:39:43;YAPE;;;
;VTA-0000187;DFF-0000000080;UTILES;CARTULINA A4;2;0.5;1;7/04/2026 15:40:11;EFECTIVO;;;
;VTA-0000188;DFF-COP-A4BN;FOTOCOPIADORA;FOTOCOPIA A4 A BLANCO Y NEGRO;5;0.1;0.5;7/04/2026 15:41:18;YAPE;;;
;VTA-0000189;DFF-COP-A4BN;FOTOCOPIADORA;FOTOCOPIA A4 A BLANCO Y NEGRO;45;0.08;3.6;7/04/2026 15:42:19;EFECTIVO;;;
;VTA-0000190;DFF-COP-A4BN;FOTOCOPIADORA;FOTOCOPIA A4 A BLANCO Y NEGRO;40;0.08;3.2;7/04/2026 15:42:52;EFECTIVO;;;
;VTA-0000191;DFF-0000000003;UTILES;CUADERNO SURCO RAYADO A5 50 HOJAS;1;2;2;7/04/2026 15:44:16;EFECTIVO;;;
;VTA-0000192;DFF-0000000156;UTILES;LIGAS;2;0.1;0.2;7/04/2026 15:53:08;YAPE;;;
;VTA-0000193;DFF-IMP-A4BN;FOTOCOPIADORA;IMPRESION A4 BLANCO Y NEGRO;1;0.5;0.5;7/04/2026 15:54:11;EFECTIVO;;;
;VTA-0000194;DFF-COP-A4BN;FOTOCOPIADORA;FOTOCOPIA A4 A BLANCO Y NEGRO;5;0.1;0.5;7/04/2026 15:54:34;EFECTIVO;;;
;VTA-0000195;7754807761918;UTILES;PLUMON BRUSH MARKER DUO NEON;1;10;10;7/04/2026 17:35:28;EFECTIVO;;;
;VTA-0000196;DFF-0000000080;UTILES;CARTULINA A4;1;0.5;0.5;7/04/2026 17:39:29;EFECTIVO;;;
;VTA-0000196;PAPEL-BOND;UTILES;HOJA BOND A4 ATLAS;10;0.1;1;7/04/2026 17:39:29;EFECTIVO;;;
;VTA-0000197;4902505084560;UTILES;LAPICERO PUNTA FINA PILOT NEGRO;1;3.5;3.5;8/04/2026 17:44:37;EFECTIVO;;;
;VTA-0000198;7754111532037;UTILES;LAPICERO FABERCASTELL ECONOMICO NEGRO TRILUX 032;1;1;1;8/04/2026 17:48:07;EFECTIVO;;;
;VTA-0000199;DFF-0000000080;UTILES;CARTULINA A4;1;0.5;0.5;8/04/2026 17:55:57;YAPE;;;
;VTA-0000199;DFF-0000000117;UTILES;HOJA DE COLOR ROSADO;2;0.2;0.4;8/04/2026 17:55:57;YAPE;;;
;VTA-0000199;PAPEL-BOND;UTILES;HOJA BOND A4 ATLAS;2;0.1;0.2;8/04/2026 17:55:57;YAPE;;;
;VTA-0000200;3013010065560;UTILES;PAPEL CREPE AMARILLO;1;1;1;8/04/2026 17:56:49;YAPE;;;
;VTA-0000201;PAPEL-BOND;UTILES;HOJA BOND A4 ATLAS;2;0.1;0.2;8/04/2026 17:58:00;EFECTIVO;;;
;VTA-0000201;DFF-0000000080;UTILES;CARTULINA A4;1;0.5;0.5;8/04/2026 17:58:00;EFECTIVO;;;
;VTA-0000202;DFF-COP-A4BN;FOTOCOPIADORA;FOTOCOPIA A4 A BLANCO Y NEGRO;67;0.08;5.4;8/04/2026 17:58:51;EFECTIVO;;;
;VTA-0000203;DFF-COP-A4BN;FOTOCOPIADORA;FOTOCOPIA A4 A BLANCO Y NEGRO;18;0.08;1.4;8/04/2026 17:59:20;EFECTIVO;;;
;VTA-0000204;DFF-IMP-A4BN;FOTOCOPIADORA;IMPRESION A4 BLANCO Y NEGRO;60;0.5;30;8/04/2026 18:06:11;YAPE;;;
;VTA-0000205;DFF-0000000080;UTILES;CARTULINA A4;1;0.5;0.5;9/04/2026 18:09:31;YAPE;;;
;VTA-0000205;3013010066666;UTILES;PAPEL CREPE ROJO;1;1;1;9/04/2026 18:09:31;YAPE;;;
;VTA-0000206;2050000398674;UTILES;LAPICERO OVE ECONOMICO AZUL;1;1;1;9/04/2026 18:10:22;EFECTIVO;;;
;VTA-0000207;DFF-0000000065;UTILES;CARTULINA CANSON ROSADA;1;1.2;1.2;9/04/2026 18:12:41;EFECTIVO;;;
;VTA-0000208;DFF-0000000080;UTILES;CARTULINA A4;1;0.5;0.5;9/04/2026 18:13:53;EFECTIVO;;;
;VTA-0000209;PAPEL-BOND;UTILES;HOJA BOND A4 ATLAS;3;0.1;0.3;9/04/2026 18:15:05;EFECTIVO;;;
;VTA-0000210;DFF-0000000065;UTILES;CARTULINA CANSON ROSADA;1;1.2;1.2;9/04/2026 18:30:41;EFECTIVO;;;
;VTA-0000211;PAPEL-BOND;UTILES;HOJA BOND A4 ATLAS;8;0.1;0.8;9/04/2026 18:31:42;EFECTIVO;;;
;VTA-0000212;PAPEL-BOND;UTILES;HOJA BOND A4 ATLAS;3;0.1;0.3;9/04/2026 18:32:11;EFECTIVO;;;
;VTA-0000213;DFF-COP-A4BN;FOTOCOPIADORA;FOTOCOPIA A4 A BLANCO Y NEGRO;22;0.08;1.8;9/04/2026 18:32:45;YAPE;;;
;VTA-0000214;DFF-0000000080;UTILES;CARTULINA A4;2;0.5;1;9/04/2026 18:34:50;EFECTIVO;;;
;VTA-0000214;PAPEL-BOND;UTILES;HOJA BOND A4 ATLAS;4;0.1;0.4;9/04/2026 18:34:50;EFECTIVO;;;
;VTA-0000215;DFF-COP-A4BN;FOTOCOPIADORA;FOTOCOPIA A4 A BLANCO Y NEGRO;5;0.1;0.5;9/04/2026 18:35:26;EFECTIVO;;;
;VTA-0000216;DFF-COP-A4BN;FOTOCOPIADORA;FOTOCOPIA A4 A BLANCO Y NEGRO;65;0.08;5.2;9/04/2026 18:35:51;EFECTIVO;;;
;VTA-0000217;DFF-COP-A4BN;FOTOCOPIADORA;FOTOCOPIA A4 A BLANCO Y NEGRO;35;0.08;2.8;9/04/2026 18:36:37;EFECTIVO;;;
;VTA-0000218;7754111663038;UTILES;INDELEBLE GRUESO FABERCASTELL;1;4.5;4.5;9/04/2026 18:39:27;EFECTIVO;;;
;VTA-0000219;DFF-0000000131;UTILES;SUPER BLUE;1;1;1;9/04/2026 18:41:10;EFECTIVO;;;
;VTA-0000220;PAPEL-BOND;UTILES;HOJA BOND A4 ATLAS;10;0.1;1;10/04/2026 18:42:42;EFECTIVO;;;
;VTA-0000221;DFF-0000000080;UTILES;CARTULINA A4;1;0.5;0.5;10/04/2026 18:43:43;EFECTIVO;;;
;VTA-0000221;3013010066666;UTILES;PAPEL CREPE ROJO;1;1;1;10/04/2026 18:43:43;EFECTIVO;;;
;VTA-0000222;7750082416178;UTILES;MICA A4 ARTESCO;1;1;1;10/04/2026 18:45:32;EFECTIVO;;;
;VTA-0000223;3013010066666;UTILES;PAPEL CREPE ROJO;1;1;1;10/04/2026 18:46:01;EFECTIVO;;;
;VTA-0000224;3013010066666;UTILES;PAPEL CREPE ROJO;1;1;1;10/04/2026 18:46:43;EFECTIVO;;;
;VTA-0000225;DFF-0000000131;UTILES;SUPER BLUE;1;1;1;10/04/2026 18:47:07;EFECTIVO;;;
;VTA-0000226;3013010066666;UTILES;PAPEL CREPE ROJO;1;1;1;10/04/2026 18:47:36;YAPE;;;
;VTA-0000227;3013010066666;UTILES;PAPEL CREPE ROJO;1;1;1;10/04/2026 18:48:17;EFECTIVO;;;
;VTA-0000227;DFF-0000000080;UTILES;CARTULINA A4;1;0.5;0.5;10/04/2026 18:48:17;EFECTIVO;;;
;VTA-0000228;DFF-0000000030;UTILES;CARTULINA BLANCA;1;1;1;10/04/2026 18:50:59;EFECTIVO;;;
;VTA-0000229;DFF-0000000080;UTILES;CARTULINA A4;1;0.5;0.5;10/04/2026 18:53:38;YAPE;;;
;VTA-0000229;3013010066666;UTILES;PAPEL CREPE ROJO;1;1;1;10/04/2026 18:53:38;YAPE;;;
;VTA-0000229;3013017958285;UTILES;TIJERAS ECONOMICAS YIMI;1;1.5;1.5;10/04/2026 18:53:38;YAPE;;;
;VTA-0000229;7754111024259;UTILES;GOMA EN BARRA MEDIANA FABERCASTELL;1;3;3;10/04/2026 18:53:38;YAPE;;;
;VTA-0000230;7750082416178;UTILES;MICA A4 ARTESCO;1;1;1;10/04/2026 18:54:35;EFECTIVO;;;
;VTA-0000231;DFF-COP-A4BN;FOTOCOPIADORA;FOTOCOPIA A4 A BLANCO Y NEGRO;7;0.1;0.7;10/04/2026 18:55:00;EFECTIVO;;;
;VTA-0000232;DFF-0000000131;UTILES;SUPER BLUE;1;1;1;10/04/2026 18:55:22;EFECTIVO;;;
;VTA-0000233;DFF-IMP-A4CL;FOTOCOPIADORA;IMPRESION A4 A COLOR;2;1;2;12/04/2026 11:34:46;EFECTIVO;;;
;VTA-0000234;DFF-0000000157;UTILES;PALIGLOBOS;1;0.2;0.2;12/04/2026 11:38:48;YAPE;;;
;VTA-0000234;DFF-IMP-A4BN;FOTOCOPIADORA;IMPRESION A4 BLANCO Y NEGRO;1;0.5;0.5;12/04/2026 11:38:48;YAPE;;;
;VTA-0000235;DFF-COP-A4BN;FOTOCOPIADORA;FOTOCOPIA A4 A BLANCO Y NEGRO;150;0.08;12;12/04/2026 11:39:34;YAPE;;;
;VTA-0000236;DFF-IMP-A4CL;FOTOCOPIADORA;IMPRESION A4 A COLOR;4;1;4;12/04/2026 11:40:05;YAPE;;;
;VTA-0000237;DFF-IMP-A4CL;FOTOCOPIADORA;IMPRESION A4 A COLOR;2;1;2;13/04/2026 11:40:29;EFECTIVO;;;
;VTA-0000238;2050000398674;UTILES;LAPICERO OVE ECONOMICO AZUL;1;1;1;13/04/2026 11:40:51;EFECTIVO;;;
;VTA-0000239;DFF-0000000131;UTILES;SUPER BLUE;2;1;2;13/04/2026 11:41:19;EFECTIVO;;;
;VTA-0000240;DFF-IMP-A4CL;FOTOCOPIADORA;IMPRESION A4 A COLOR;2;0.9;1.8;13/04/2026 11:42:26;EFECTIVO;;;
;VTA-0000240;DFF-0000000157;UTILES;PALIGLOBOS;1;0.2;0.2;13/04/2026 11:42:26;EFECTIVO;;;
;VTA-0000241;DFF-IMP-A4CL;FOTOCOPIADORA;IMPRESION A4 A COLOR;1;1;1;13/04/2026 11:43:11;YAPE;;;
;VTA-0000242;DFF-IMP-A4CL;FOTOCOPIADORA;IMPRESION A4 A COLOR;2;0.9;1.8;13/04/2026 11:44:10;EFECTIVO;;;
;VTA-0000242;DFF-0000000157;UTILES;PALIGLOBOS;1;0.2;0.2;13/04/2026 11:44:10;EFECTIVO;;;
;VTA-0000243;DFF-COP-A4BN;FOTOCOPIADORA;FOTOCOPIA A4 A BLANCO Y NEGRO;10;0.1;1;13/04/2026 11:44:39;EFECTIVO;;;
;VTA-0000244;7754111024273;UTILES;GOMA EN BARRA GRANDE FABERCASTELL;1;5;5;13/04/2026 11:44:55;EFECTIVO;;;
;VTA-0000245;DFF-COP-A4BN;FOTOCOPIADORA;FOTOCOPIA A4 A BLANCO Y NEGRO;34;0.08;2.7;13/04/2026 11:47:09;EFECTIVO;;;
;VTA-0000246;DFF-COP-A4BN;FOTOCOPIADORA;FOTOCOPIA A4 A BLANCO Y NEGRO;84;0.08;6.7;13/04/2026 11:50:43;EFECTIVO;;;
;VTA-0000247;DFF-COP-A4BN;FOTOCOPIADORA;FOTOCOPIA A4 A BLANCO Y NEGRO;494;0.08;39.5;13/04/2026 11:52:11;YAPE;;;
;VTA-0000248;7750082007093;UTILES;CAJA DE CRAYOLAS JUMBO ARTESCO;1;7;7;13/04/2026 11:52:56;YAPE;;;
;VTA-0000249;7750737360665;UTILES;FOLDER MANILA NATURAL A4;1;1;1;13/04/2026 11:53:14;EFECTIVO;;;
;VTA-0000250;7754005018623;UTILES;CINTA DE ESCRITORIO PEQUEÑA;1;1;1;13/04/2026 14:53:07;EFECTIVO;;;
;VTA-0000251;7751690115224;UTILES;CINTA MASKING TAPE SHURTAPE 1X15;1;2;2;13/04/2026 14:53:46;EFECTIVO;;;
;VTA-0000252;DFF-IMP-A4CL;FOTOCOPIADORA;IMPRESION A4 A COLOR;4;1;4;13/04/2026 21:04:10;YAPE;;;
;VTA-0000253;DFF-IMP-A3CL;FOTOCOPIADORA;IMPRESION A3 A COLOR;4;2;8;13/04/2026 21:06:56;YAPE;;;
;VTA-0000253;DFF-IMP-A4CL;FOTOCOPIADORA;IMPRESION A4 A COLOR;17;1;17;13/04/2026 21:06:56;YAPE;;;
;VTA-0000254;7750822012370;UTILES;CUADERNO STANDFORD CUADRICULADO A4 SIN STICKER;1;6.5;6.5;14/04/2026 14:44:00;EFECTIVO;;;
;VTA-0000255;7754111018333;UTILES;PLUMON PIZARRA AZUL FABERCASTELL;1;2.5;2.5;14/04/2026 14:45:14;EFECTIVO;;;
;VTA-0000256;DFF-COP-A4BN;FOTOCOPIADORA;FOTOCOPIA A4 A BLANCO Y NEGRO;75;0.08;6;14/04/2026 14:46:04;YAPE;;;
;VTA-0000257;DFF-COP-A4BN;FOTOCOPIADORA;FOTOCOPIA A4 A BLANCO Y NEGRO;82;0.08;6.6;14/04/2026 14:46:31;EFECTIVO;;;
;VTA-0000258;DFF-COP-A4BN;FOTOCOPIADORA;FOTOCOPIA A4 A BLANCO Y NEGRO;77;0.08;6.2;14/04/2026 14:46:58;EFECTIVO;;;
;VTA-0000259;DFF-COP-A4BN;FOTOCOPIADORA;FOTOCOPIA A4 A BLANCO Y NEGRO;46;0.08;3.7;14/04/2026 14:48:29;EFECTIVO;;;
;VTA-0000260;DFF-COP-DNICL;FOTOCOPIADORA;FOTOCOPIA DNI A COLOR;1;0.5;0.5;14/04/2026 14:48:53;EFECTIVO;;;
;VTA-0000261;DFF-IMP-A4CL;FOTOCOPIADORA;IMPRESION A4 A COLOR;5;1;5;14/04/2026 14:49:30;YAPE;;;
;VTA-0000262;DFF-0000000030;UTILES;CARTULINA BLANCA;2;1;2;14/04/2026 14:50:09;YAPE;;;
;VTA-0000263;7754807033831;UTILES;FOLDER A4 DOBLE TAPA AZUL VINIFAN;1;7;7;14/04/2026 14:51:16;YAPE;;;
;VTA-0000264;DFF-0000000054;UTILES;CARTULINA CANSON VERDE HOJA;1;1.2;1.2;14/04/2026 14:52:42;YAPE;;;
;VTA-0000265;DFF-0000000054;UTILES;CARTULINA CANSON VERDE HOJA;1;1.2;1.2;14/04/2026 14:53:12;EFECTIVO;;;
;VTA-0000266;DFF-IMP-A3CL;FOTOCOPIADORA;IMPRESION A3 A COLOR;1;2;2;14/04/2026 14:54:40;EFECTIVO;;;
;VTA-0000267;DFF-0000000131;UTILES;SUPER BLUE;1;1;1;15/04/2026 16:19:31;EFECTIVO;;;
;VTA-0000268;DFF-0000000076;UTILES;TEMPERA APU;1;2;2;15/04/2026 16:21:38;EFECTIVO;;;
;VTA-0000268;DFF-0000000100;UTILES;PINCEL NUMERO 2;1;1;1;15/04/2026 16:21:38;EFECTIVO;;;
;VTA-0000268;DFF-0000000092;UTILES;PINCEL NUMERO 10;1;2;2;15/04/2026 16:21:38;EFECTIVO;;;
;VTA-0000269;DFF-COP-DNICL;FOTOCOPIADORA;FOTOCOPIA DNI A COLOR;3;0.5;1.5;15/04/2026 16:23:12;EFECTIVO;;;
;VTA-0000270;DFF-COP-A4BN;FOTOCOPIADORA;FOTOCOPIA A4 A BLANCO Y NEGRO;69;0.08;5.5;15/04/2026 16:23:38;EFECTIVO;;;
;VTA-0000271;DFF-0000000158;UTILES;PAPEL CRAFT;4;0.5;2;15/04/2026 16:27:46;EFECTIVO;;;
;VTA-0000272;DFF-0000000159;UTILES;PAPEL LUSTRE VERDE LIMON;9;0.6;5.4;15/04/2026 16:41:16;YAPE;;;
;VTA-0000272;7751690115460;UTILES;CINTA MASKING TAPE SHURTAPE 2X15;1;4.5;4.5;15/04/2026 16:41:16;YAPE;;;
;VTA-0000273;DFF-IMP-A4CL;FOTOCOPIADORA;IMPRESION A4 A COLOR;5;1;5;15/04/2026 16:42:01;YAPE;;;
;VTA-0000274;DFF-COP-A4BN;FOTOCOPIADORA;FOTOCOPIA A4 A BLANCO Y NEGRO;45;0.08;3.6;16/04/2026 16:42:31;EFECTIVO;;;
;VTA-0000275;DFF-COP-A4BN;FOTOCOPIADORA;FOTOCOPIA A4 A BLANCO Y NEGRO;90;0.08;7.2;16/04/2026 16:43:08;EFECTIVO;;;
;VTA-0000276;7750822012370;UTILES;CUADERNO STANDFORD CUADRICULADO A4 SIN STICKER;1;6.5;6.5;17/04/2026 16:44:01;EFECTIVO;;;
;VTA-0000277;7754807080279;UTILES;MICA A4 VINIFAN;1;1;1;17/04/2026 16:45:28;YAPE;;;
;VTA-0000277;7754111032285;UTILES;PLUMON PIZARRA NEGRO FABERCASTELL;1;2.5;2.5;17/04/2026 16:45:28;YAPE;;;
;VTA-0000278;DFF-COP-A4BN;FOTOCOPIADORA;FOTOCOPIA A4 A BLANCO Y NEGRO;100;0.08;8;17/04/2026 16:46:03;YAPE;;;
;VTA-0000279;DFF-COP-A4BN;FOTOCOPIADORA;FOTOCOPIA A4 A BLANCO Y NEGRO;21;0.08;1.7;17/04/2026 16:46:49;EFECTIVO;;;
;VTA-0000280;DFF-COP-A4BN;FOTOCOPIADORA;FOTOCOPIA A4 A BLANCO Y NEGRO;16;0.08;1.3;17/04/2026 16:47:24;EFECTIVO;;;
;VTA-0000281;7750082003712;UTILES;LIMPIATIPOS ARTESCO;1;3;3;17/04/2026 16:47:59;YAPE;;;
;VTA-0000282;DFF-IMP-A4CL;FOTOCOPIADORA;IMPRESION A4 A COLOR;3;1;3;17/04/2026 16:48:31;EFECTIVO;;;
;VTA-0000283;6901234567908;UTILES;CUTER;1;1.5;1.5;17/04/2026 16:53:44;EFECTIVO;;;
;VTA-0000284;DFF-COP-A4BN;FOTOCOPIADORA;FOTOCOPIA A4 A BLANCO Y NEGRO;2;0.1;0.2;18/04/2026 16:54:12;EFECTIVO;;;
;VTA-0000285;DFF-IMP-A3CL;FOTOCOPIADORA;IMPRESION A3 A COLOR;5;2;10;18/04/2026 16:56:25;YAPE;;;
;VTA-0000286;DFF-IMP-FOTOCL;FOTOCOPIADORA;IMPRESION PAPEL FOTO A COLOR;6;2;12;18/04/2026 16:57:06;YAPE;;;
;VTA-0000287;DFF-IMP-FOTOCL;FOTOCOPIADORA;IMPRESION PAPEL FOTO A COLOR;6;2;12;18/04/2026 16:57:18;YAPE;;;
;VTA-0000288;DFF-IMP-A4CL;FOTOCOPIADORA;IMPRESION A4 A COLOR;4;1;4;18/04/2026 16:58:25;YAPE;;;
;VTA-0000289;DFF-IMP-A3CL;FOTOCOPIADORA;IMPRESION A3 A COLOR;2;2;4;18/04/2026 16:59:54;YAPE;;;
;VTA-0000290;DFF-IMP-A3CL;FOTOCOPIADORA;IMPRESION A3 A COLOR;2;2;4;18/04/2026 17:00:14;YAPE;;;
;VTA-0000291;DFF-IMP-A3CL;FOTOCOPIADORA;IMPRESION A3 A COLOR;1;2;2;18/04/2026 17:00:25;YAPE;;;
;VTA-0000292;DFF-IMP-A4CL;FOTOCOPIADORA;IMPRESION A4 A COLOR;2;1;2;18/04/2026 17:00:55;YAPE;;;
;VTA-0000293;7750049008453;UTILES;SKETCH BOOK SURCO;1;6.5;6.5;18/04/2026 17:02:04;YAPE;;;
;VTA-0000294;DFF-0000000016;UTILES;CARTULINA CORRUGADA CON DISEÑO;2;2;4;18/04/2026 17:04:01;YAPE;;;
;VTA-0000295;DFF-IMP-A4CL;FOTOCOPIADORA;IMPRESION A4 A COLOR;16;1;16;18/04/2026 17:04:33;YAPE;;;
;VTA-0000296;DFF-IMP-A4CL;FOTOCOPIADORA;IMPRESION A4 A COLOR;4;1;4;18/04/2026 17:04:43;YAPE;;;
;VTA-0000297;7750082001152;UTILES;TAMPON GRANDE AZUL PARA SELLOS ARTESCO;1;5;5;18/04/2026 17:05:20;YAPE;;;
;VTA-0000298;DFF-COP-A4BN;FOTOCOPIADORA;FOTOCOPIA A4 A BLANCO Y NEGRO;10;0.1;1;18/04/2026 17:05:45;YAPE;;;
;VTA-0000299;DFF-0000000066;UTILES;CARTULINA CANSON MARRON;1;1;1;18/04/2026 17:08:01;YAPE;;;
;VTA-0000299;DFF-COP-A4BN;FOTOCOPIADORA;FOTOCOPIA A4 A BLANCO Y NEGRO;20;0.08;1.6;18/04/2026 17:08:01;YAPE;;;
;VTA-0000300;DFF-COP-A4BN;FOTOCOPIADORA;FOTOCOPIA A4 A BLANCO Y NEGRO;15;0.08;1.2;18/04/2026 17:08:31;YAPE;;;
;VTA-0000301;DFF-0000000080;UTILES;CARTULINA A4;2;0.5;1;18/04/2026 17:08:47;YAPE;;;
;VTA-0000302;DFF-IMP-A4CL;FOTOCOPIADORA;IMPRESION A4 A COLOR;15;1;15;18/04/2026 17:09:05;YAPE;;;
;VTA-0000303;DFF-IMP-A3CL;FOTOCOPIADORA;IMPRESION A3 A COLOR;1;2;2;18/04/2026 17:09:28;YAPE;;;
;VTA-0000304;DFF-IMP-A4CL;FOTOCOPIADORA;IMPRESION A4 A COLOR;3;1;3;18/04/2026 17:09:45;YAPE;;;
;VTA-0000305;7754111654104;UTILES;PLUMON INDELEBLE GRUESO AZUL FABER CASTELL WINNER 54;1;3;3;18/04/2026 17:11:21;YAPE;;;
;VTA-0000305;7754111667029;UTILES;INDELEBLE DELGADO FABERCASTELL;1;4;4;18/04/2026 17:11:21;YAPE;;;
;VTA-0000306;DFF-COP-A4BN;FOTOCOPIADORA;FOTOCOPIA A4 A BLANCO Y NEGRO;2352;0.08;188.2;18/04/2026 19:29:43;EFECTIVO;;;
;VTA-0000307;DFF-0000000030;UTILES;CARTULINA BLANCA;1;1;1;20/04/2026 14:53:56;EFECTIVO;;;
;VTA-0000308;DFF-IMP-A4CL;FOTOCOPIADORA;IMPRESION A4 A COLOR;1;1;1;20/04/2026 14:54:46;EFECTIVO;;;
;VTA-0000309;DFF-0000000030;UTILES;CARTULINA BLANCA;1;1;1;20/04/2026 14:55:44;YAPE;;;
;VTA-0000310;DFF-0000000030;UTILES;CARTULINA BLANCA;1;1;1;20/04/2026 14:56:03;EFECTIVO;;;
;VTA-0000311;7750082007581;UTILES;PLUMONES DELGADOS ARTESCO;1;7;7;20/04/2026 14:56:27;EFECTIVO;;;
;VTA-0000312;DFF-0000000030;UTILES;CARTULINA BLANCA;1;1;1;20/04/2026 14:57:11;EFECTIVO;;;
;VTA-0000313;DFF-IMP-A4CL;FOTOCOPIADORA;IMPRESION A4 A COLOR;1;1;1;20/04/2026 14:57:37;EFECTIVO;;;
;VTA-0000314;7754807080279;UTILES;MICA A4 VINIFAN;1;1;1;20/04/2026 14:58:04;EFECTIVO;;;
;VTA-0000315;7750082003712;UTILES;LIMPIATIPOS ARTESCO;1;3;3;20/04/2026 14:58:28;YAPE;;;
;VTA-0000316;DFF-0000000030;UTILES;CARTULINA BLANCA;2;1;2;20/04/2026 14:58:55;EFECTIVO;;;
;VTA-0000317;DFF-COP-A4BN;FOTOCOPIADORA;FOTOCOPIA A4 A BLANCO Y NEGRO;116;0.08;9.3;20/04/2026 14:59:28;EFECTIVO;;;
;VTA-0000318;DFF-0000000051;UTILES;CARTULINA CANSON NEGRA;1;1.5;1.5;20/04/2026 15:00:09;EFECTIVO;;;
;VTA-0000319;3013010066666;UTILES;PAPEL CREPE ROJO;1;1;1;20/04/2026 15:00:34;EFECTIVO;;;
;VTA-0000320;DFF-IMP-A4BN;FOTOCOPIADORA;IMPRESION A4 BLANCO Y NEGRO;24;0.5;12;20/04/2026 15:01:12;EFECTIVO;;;
;VTA-0000321;DFF-IMP-A4CL;FOTOCOPIADORA;IMPRESION A4 A COLOR;4;1;4;20/04/2026 16:15:12;YAPE;;;
;VTA-0000322;DFF-IMP-A4CL;FOTOCOPIADORA;IMPRESION A4 A COLOR;1;1;1;20/04/2026 16:15:32;YAPE;;;
;VTA-0000323;DFF-0000000021;UTILES;PAPEL DE SEDA COLOR AMARILLO;3;0.2;0.6;20/04/2026 21:22:12;EFECTIVO;;;
;VTA-0000323;3013010066222;UTILES;PAPEL CREPE MARRON;1;1;1;20/04/2026 21:22:12;EFECTIVO;;;
;VTA-0000324;DFF-0000000030;UTILES;CARTULINA BLANCA;1;1;1;21/04/2026 0:00:00;EFECTIVO;;;
;VTA-0000325;DFF-0000000030;UTILES;CARTULINA BLANCA;1;1;1;21/04/2026 0:00:00;YAPE;;;
;VTA-0000326;DFF-COP-A4BN;FOTOCOPIADORA;FOTOCOPIA A4 A BLANCO Y NEGRO;88;0.08;7;21/04/2026 0:00:00;EFECTIVO;;;
;VTA-0000327;7750833310380;UTILES;SERPENTINA HOLIDAYS;1;1.5;1.5;21/04/2026 0:00:00;EFECTIVO;;;
;VTA-0000328;DFF-0000000030;UTILES;CARTULINA BLANCA;1;1;1;21/04/2026 0:00:00;EFECTIVO;;;
;VTA-0000329;3013017958285;UTILES;TIJERAS ECONOMICAS YIMI;1;1.5;1.5;21/04/2026 0:00:00;YAPE;;;
;VTA-0000329;DFF-0000000160;UTILES;CHINCHE MARIPOSA;12;0.2;2.4;21/04/2026 0:00:00;YAPE;;;
;VTA-0000330;DFF-COP-A4BN;FOTOCOPIADORA;FOTOCOPIA A4 A BLANCO Y NEGRO;1;0.1;0.1;21/04/2026 0:00:00;YAPE;;;
;VTA-0000331;DFF-COP-A4BN;FOTOCOPIADORA;FOTOCOPIA A4 A BLANCO Y NEGRO;1;0.1;0.1;21/04/2026 0:00:00;YAPE;;;
;VTA-0000332;DFF-0000000160;UTILES;CHINCHE MARIPOSA;6;0.2;1.2;21/04/2026 0:00:00;YAPE;;;
;VTA-0000333;7754111024273;UTILES;GOMA EN BARRA GRANDE FABERCASTELL;1;5;5;21/04/2026 0:00:00;EFECTIVO;;;
;VTA-0000334;DFF-COP-A4BN;FOTOCOPIADORA;FOTOCOPIA A4 A BLANCO Y NEGRO;79;0.08;6.3;21/04/2026 0:00:00;EFECTIVO;;;
;VTA-0000335;DFF-COP-A4BN;FOTOCOPIADORA;FOTOCOPIA A4 A BLANCO Y NEGRO;35;0.08;2.8;21/04/2026 0:00:00;EFECTIVO;;;
;VTA-0000336;DFF-0000000160;UTILES;CHINCHE MARIPOSA;2;0.2;0.4;21/04/2026 0:00:00;EFECTIVO;;;
;VTA-0000337;7754111667029;UTILES;INDELEBLE DELGADO FABERCASTELL;1;4;4;21/04/2026 0:00:00;EFECTIVO;;;
;VTA-0000338;7750082001619;UTILES;TINTA AZUL PARA TAMPON ARTESCO 1 OZ;1;3.5;3.5;21/04/2026 0:00:00;YAPE;;;
;VTA-0000339;DFF-0000000161;UTILES;PAPEL MANTECA;2;0.5;1;21/04/2026 0:00:00;EFECTIVO;;;
;VTA-0000340;7754807720137;UTILES;SILICONA LIQUIDA PEQUEÑA VINIFAN 30 ML;1;2;2;21/04/2026 0:00:00;YAPE;;;
;VTA-0000341;DFF-0000000074;UTILES;PAPELOTE BLANCO;3;0.6;1.8;21/04/2026 0:00:00;EFECTIVO;;;
;VTA-0000341;DFF-0000000030;UTILES;CARTULINA BLANCA;1;1;1;21/04/2026 0:00:00;EFECTIVO;;;
;VTA-0000341;DFF-0000000053;UTILES;CARTULINA CANSON ANARANJADA;1;1.4;1.4;21/04/2026 0:00:00;EFECTIVO;;;
;VTA-0000342;7754807080279;UTILES;MICA A4 VINIFAN;1;1;1;21/04/2026 0:00:00;EFECTIVO;;;
;VTA-0000343;7750082003422;UTILES;LAPIZ 2B ARTESCO;1;1;1;22/04/2026 0:00:00;YAPE;;;
;VTA-0000343;3013017958285;UTILES;TIJERAS ECONOMICAS YIMI;1;1.5;1.5;22/04/2026 0:00:00;YAPE;;;
;VTA-0000344;7750082003422;UTILES;LAPIZ 2B ARTESCO;1;1;1;22/04/2026 0:00:00;EFECTIVO;;;
;VTA-0000344;7750082003606;UTILES;CHEQUEO ROJO ARTESCO;1;1;1;22/04/2026 0:00:00;EFECTIVO;;;
;VTA-0000345;7754807720137;UTILES;SILICONA LIQUIDA PEQUEÑA VINIFAN 30 ML;1;2;2;22/04/2026 0:00:00;EFECTIVO;;;
;VTA-0000346;7750082003712;UTILES;LIMPIATIPOS ARTESCO;1;3;3;22/04/2026 0:00:00;YAPE;;;
;VTA-0000347;7754807720144;UTILES;SILICONA LIQUIDA MEDIANA VINIFAN 100 ML;1;4;4;22/04/2026 0:00:00;EFECTIVO;;;
;VTA-0000348;7754807720144;UTILES;SILICONA LIQUIDA MEDIANA VINIFAN 100 ML;1;4;4;22/04/2026 0:00:00;EFECTIVO;;;
;VTA-0000349;7750082003712;UTILES;LIMPIATIPOS ARTESCO;1;3;3;22/04/2026 0:00:00;EFECTIVO;;;
;VTA-0000350;7754807720144;UTILES;SILICONA LIQUIDA MEDIANA VINIFAN 100 ML;1;4;4;22/04/2026 0:00:00;EFECTIVO;;;
;VTA-0000351;DFF-0000000030;UTILES;CARTULINA BLANCA;1;1;1;22/04/2026 0:00:00;EFECTIVO;;;
;VTA-0000352;DFF-COP-A4BN;FOTOCOPIADORA;FOTOCOPIA A4 A BLANCO Y NEGRO;116;0.08;9.3;22/04/2026 0:00:00;YAPE;;;
;VTA-0000353;7754111667029;UTILES;INDELEBLE DELGADO FABERCASTELL;1;4;4;22/04/2026 0:00:00;EFECTIVO;;;
;VTA-0000353;7754111663038;UTILES;INDELEBLE GRUESO FABERCASTELL;1;4.5;4.5;22/04/2026 0:00:00;EFECTIVO;;;
;VTA-0000354;DFF-IMP-A4CL;FOTOCOPIADORA;IMPRESION A4 A COLOR;2;1;2;22/04/2026 0:00:00;EFECTIVO;;;
;VTA-0000355;7750082003392;UTILES;GOMA LIQUIDA ARTESCO PEQUEÑO;1;1.5;1.5;22/04/2026 0:00:00;EFECTIVO;;;
;VTA-0000356;DFF-IMP-A4CL;FOTOCOPIADORA;IMPRESION A4 A COLOR;2;1;2;22/04/2026 0:00:00;EFECTIVO;;;
;VTA-0000357;DFF-COP-A4BN;FOTOCOPIADORA;FOTOCOPIA A4 A BLANCO Y NEGRO;36;0.08;2.9;22/04/2026 0:00:00;EFECTIVO;;;
;VTA-0000358;DFF-COP-DNICL;FOTOCOPIADORA;FOTOCOPIA DNI A COLOR;2;0.5;1;22/04/2026 0:00:00;YAPE;;;
;VTA-0000359;7754807080279;UTILES;MICA A4 VINIFAN;1;1;1;22/04/2026 0:00:00;YAPE;;;
;VTA-0000360;9555684605573;UTILES;BORRADOR GRANDE NEGRO FABERCASTELL;1;2;2;22/04/2026 0:00:00;EFECTIVO;;;
;VTA-0000361;7754111856133;UTILES;PLUMON VERDE GRUESO DE PAPEL FABER CASTELL WINNER 56;1;2;2;22/04/2026 0:00:00;YAPE;;;
;VTA-0000362;DFF-IMP-A4CL;FOTOCOPIADORA;IMPRESION A4 A COLOR;3;1;3;23/04/2026 0:00:00;YAPE;;;
;VTA-0000363;DFF-0000000074;UTILES;PAPELOTE BLANCO;2;0.6;1.2;23/04/2026 0:00:00;YAPE;;;
;VTA-0000364;7750833310380;UTILES;SERPENTINA HOLIDAYS;1;1.5;1.5;23/04/2026 0:00:00;YAPE;;;
;VTA-0000365;DFF-COP-DNIBN;FOTOCOPIADORA;FOTOCOPIA DNI BLANCO Y NEGRO;3;0.2;0.6;23/04/2026 0:00:00;EFECTIVO;;;
;VTA-0000366;DFF-COP-A4BN;FOTOCOPIADORA;FOTOCOPIA A4 A BLANCO Y NEGRO;60;0.08;4.8;23/04/2026 0:00:00;EFECTIVO;;;
;VTA-0000367;DFF-COP-A4BN;FOTOCOPIADORA;FOTOCOPIA A4 A BLANCO Y NEGRO;863;0.08;69;23/04/2026 0:00:00;EFECTIVO;;;
;VTA-0000368;DFF-0000000059;UTILES;CARTULINA CANSON AZULINO;2;1.2;2.4;23/04/2026 0:00:00;YAPE;;;
;VTA-0000369;DFF-0000000131;UTILES;SUPER BLUE;1;1;1;23/04/2026 0:00:00;EFECTIVO;;;
;VTA-0000370;DFF-0000000003;UTILES;CUADERNO SURCO RAYADO A5 50 HOJAS;1;2;2;23/04/2026 0:00:00;EFECTIVO;;;
;VTA-0000371;2050000398674;UTILES;LAPICERO OVE ECONOMICO AZUL;1;1;1;23/04/2026 0:00:00;EFECTIVO;;;
;VTA-0000372;DFF-0000000003;UTILES;CUADERNO SURCO RAYADO A5 50 HOJAS;1;2;2;23/04/2026 0:00:00;YAPE;;;
;VTA-0000372;2050000398674;UTILES;LAPICERO OVE ECONOMICO AZUL;1;1;1;23/04/2026 0:00:00;YAPE;;;
;VTA-0000373;7750082208865;UTILES;CORRECTOR ARTESCO;1;3;3;23/04/2026 0:00:00;EFECTIVO;;;
;VTA-0000374;DFF-COP-A4BN;FOTOCOPIADORA;FOTOCOPIA A4 A BLANCO Y NEGRO;1200;0.08;96;23/04/2026 0:00:00;EFECTIVO;;;
;VTA-0000375;DFF-0000000162;UTILES;INSIGNA;1;1;1;24/04/2026 22:52:10;EFECTIVO;;;
;VTA-0000376;7750082003422;UTILES;LAPIZ 2B ARTESCO;1;1;1;24/04/2026 22:52:47;EFECTIVO;;;
;VTA-0000376;7750082003606;UTILES;CHEQUEO ROJO ARTESCO;1;1;1;24/04/2026 22:52:47;EFECTIVO;;;
;VTA-0000377;7750082003606;UTILES;CHEQUEO ROJO ARTESCO;1;1;1;24/04/2026 22:53:18;YAPE;;;
;VTA-0000377;7750082003422;UTILES;LAPIZ 2B ARTESCO;1;1;1;24/04/2026 22:53:18;YAPE;;;
;VTA-0000378;DFF-IMP-A4CL;FOTOCOPIADORA;IMPRESION A4 A COLOR;1;1;1;24/04/2026 22:53:35;YAPE;;;
;VTA-0000379;DFF-IMP-A4CL;FOTOCOPIADORA;IMPRESION A4 A COLOR;1;1;1;24/04/2026 22:53:46;YAPE;;;
;VTA-0000380;DFF-IMP-FOTOCL;FOTOCOPIADORA;IMPRESION PAPEL FOTO A COLOR;1;2;2;24/04/2026 22:54:10;EFECTIVO;;;
;VTA-0000381;DFF-COP-DNIBN;FOTOCOPIADORA;FOTOCOPIA DNI BLANCO Y NEGRO;3;0.2;0.6;27/04/2026 0:00:00;YAPE;;;
;VTA-0000382;7754807790925;UTILES;TAJADOR VINIFAN DOBLE PUNTA;1;2.5;2.5;27/04/2026 0:00:00;EFECTIVO;;;
;VTA-0000383;DFF-COP-A4BN;FOTOCOPIADORA;FOTOCOPIA A4 A BLANCO Y NEGRO;28;0.08;2.2;27/04/2026 0:00:00;EFECTIVO;;;
;VTA-0000384;DFF-COP-A4BN;FOTOCOPIADORA;FOTOCOPIA A4 A BLANCO Y NEGRO;59;0.08;4.7;27/04/2026 0:00:00;EFECTIVO;;;
;VTA-0000385;4902505084584;UTILES;LAPICERO PUNTA FINA PILOT AZUL;1;3.5;3.5;27/04/2026 0:00:00;YAPE;;;
;VTA-0000385;2050000287725;UTILES;BLOCK DE HOJAS DE COLORES YIMI;1;3.5;3.5;27/04/2026 0:00:00;YAPE;;;
;VTA-0000385;DFF-0000000052;UTILES;CARTULINA CANSON AMARILLA;1;1.2;1.2;27/04/2026 0:00:00;YAPE;;;
;VTA-0000385;DFF-0000000063;UTILES;CARTULINA CANSON LILA;1;1.2;1.2;27/04/2026 0:00:00;YAPE;;;
;VTA-0000385;DFF-0000000061;UTILES;CARTULINA CANSON MELON;1;1.2;1.2;27/04/2026 0:00:00;YAPE;;;
;VTA-0000385;DFF-0000000053;UTILES;CARTULINA CANSON ANARANJADA;1;1.2;1.2;27/04/2026 0:00:00;YAPE;;;
;VTA-0000385;DFF-0000000050;UTILES;CARTULINA CELESTE ECONOMICA;1;1.2;1.2;27/04/2026 0:00:00;YAPE;;;
;VTA-0000385;DFF-0000000073;UTILES;PAPELOTE CUADRICULADO;5;0.6;3;27/04/2026 0:00:00;YAPE;;;
;VTA-0000385;7750082208865;UTILES;CORRECTOR ARTESCO;1;4;4;27/04/2026 0:00:00;YAPE;;;
;VTA-0000386;DFF-IMP-A4BN;FOTOCOPIADORA;IMPRESION A4 BLANCO Y NEGRO;1;0.6;0.6;27/04/2026 0:00:00;EFECTIVO;;;
;VTA-0000387;7750082001619;UTILES;TINTA AZUL PARA TAMPON ARTESCO 1 OZ;1;3;3;28/04/2026 0:00:00;EFECTIVO;;;
;VTA-0000388;DFF-COP-A4BN;FOTOCOPIADORA;FOTOCOPIA A4 A BLANCO Y NEGRO;66;0.08;5.3;28/04/2026 0:00:00;YAPE;;;
;VTA-0000389;DFF-0000000051;UTILES;CARTULINA CANSON NEGRA;1;1.5;1.5;28/04/2026 0:00:00;YAPE;;;
;VTA-0000390;DFF-IMP-A4CL;FOTOCOPIADORA;IMPRESION A4 A COLOR;3;1;3;28/04/2026 0:00:00;EFECTIVO;;;
;VTA-0000391;7754111024259;UTILES;GOMA EN BARRA MEDIANA FABERCASTELL;1;3;3;28/04/2026 0:00:00;EFECTIVO;;;
;VTA-0000392;DFF-COP-A4BN;FOTOCOPIADORA;FOTOCOPIA A4 A BLANCO Y NEGRO;41;0.08;3.3;28/04/2026 0:00:00;EFECTIVO;;;
;VTA-0000393;DFF-0000000131;UTILES;SUPER BLUE;1;1;1;28/04/2026 0:00:00;EFECTIVO;;;
;VTA-0000394;DFF-IMP-FOTOCL;FOTOCOPIADORA;IMPRESION PAPEL FOTO A COLOR;1;2;2;28/04/2026 0:00:00;EFECTIVO;;;
;VTA-0000395;7754111015882;UTILES;PLUMON NEGRO GRUESO DE PAPEL FABER CASTELL WINNER 47;1;2;2;28/04/2026 0:00:00;EFECTIVO;;;
;VTA-0000396;DFF-0000000163;UTILES;TARJETA BIBLIOGRAFICA;10;0.2;2;29/04/2026 0:00:00;YAPE;;;
;VTA-0000397;DFF-0000000165;UTILES;LENTEJUELAS DORADAS MEDIANAS DFF;2;1;2;29/04/2026 0:00:00;YAPE;;;
;VTA-0000398;DFF-COP-A4BN;FOTOCOPIADORA;FOTOCOPIA A4 A BLANCO Y NEGRO;55;0.08;4.4;29/04/2026 0:00:00;EFECTIVO;;;
;VTA-0000399;DFF-0000000030;UTILES;CARTULINA BLANCA;1;1;1;29/04/2026 0:00:00;EFECTIVO;;;
;VTA-0000400;DFF-COP-A4BN;FOTOCOPIADORA;FOTOCOPIA A4 A BLANCO Y NEGRO;48;0.08;3.8;29/04/2026 0:00:00;EFECTIVO;;;
;VTA-0000401;3013017070918;UTILES;SILICONA EN BARRA DELGADA;3;0.5;1.5;29/04/2026 0:00:00;EFECTIVO;;;
;VTA-0000402;7750049011194;UTILES;CUADERNO SURCO CUADRICULADO A5;1;2.5;2.5;29/04/2026 0:00:00;EFECTIVO;;;
;VTA-0000403;DFF-IMP-A4CL;FOTOCOPIADORA;IMPRESION A4 A COLOR;1;1;1;29/04/2026 0:00:00;EFECTIVO;;;
;VTA-0000404;DFF-IMP-A4BN;FOTOCOPIADORA;IMPRESION A4 BLANCO Y NEGRO;10;0.5;5;30/04/2026 0:00:00;YAPE;;;
;VTA-0000405;DFF-COP-A4BN;FOTOCOPIADORA;FOTOCOPIA A4 A BLANCO Y NEGRO;1;0.1;0.1;30/04/2026 0:00:00;YAPE;;;
;VTA-0000406;DFF-IMP-A4CL;FOTOCOPIADORA;IMPRESION A4 A COLOR;1;1;1;30/04/2026 0:00:00;EFECTIVO;;;
;VTA-0000407;DFF-COP-A4BN;FOTOCOPIADORA;FOTOCOPIA A4 A BLANCO Y NEGRO;43;0.08;3.4;30/04/2026 0:00:00;EFECTIVO;;;
;VTA-0000408;DFF-IMP-A4BN;FOTOCOPIADORA;IMPRESION A4 BLANCO Y NEGRO;3;0.5;1.5;30/04/2026 0:00:00;EFECTIVO;;;
;VTA-0000409;DFF-COP-A4BN;FOTOCOPIADORA;FOTOCOPIA A4 A BLANCO Y NEGRO;224;0.08;17.9;1/05/2026 0:00:00;YAPE;;;
;VTA-0000410;4902505084584;UTILES;LAPICERO PUNTA FINA PILOT AZUL;1;3.5;3.5;1/05/2026 0:00:00;YAPE;;;
;VTA-0000410;7754111026499;UTILES;LAPICERO FABER CASTELL TINTA GEL 064;2;3.5;7;1/05/2026 0:00:00;YAPE;;;
;VTA-0000410;7502277851819;UTILES;PORTAMINAS JUMBO P925 SABONIS;2;3;6;1/05/2026 0:00:00;YAPE;;;
;VTA-0000410;7750082001862;UTILES;RESALTADOR ARTESCO;1;2;2;1/05/2026 0:00:00;YAPE;;;
;VTA-0000410;7750082207424;UTILES;REGLA DE 30 CM ARTESCO;1;1.5;1.5;1/05/2026 0:00:00;YAPE;;;
;VTA-0000410;7750082062610;UTILES;BORRADOR ARTESCO BROCHA;1;3.5;3.5;1/05/2026 0:00:00;YAPE;;;
;VTA-0000410;DFF-0000000166;UTILES;POST-IT DE FORMAS;3;3;9;1/05/2026 0:00:00;YAPE;;;
;VTA-0000410;7754807761918;UTILES;PLUMON BRUSH MARKER DUO NEON;1;12;12;1/05/2026 0:00:00;YAPE;;;
;VTA-0000410;DFF-0000000168;UTILES;LAPIZ 2B CON DISEÑO BESKO;2;1;2;1/05/2026 0:00:00;YAPE;;;
;VTA-0000410;3013017958285;UTILES;TIJERAS ECONOMICAS YIMI;1;1.5;1.5;1/05/2026 0:00:00;YAPE;;;
;VTA-0000410;7754807790925;UTILES;TAJADOR VINIFAN DOBLE PUNTA;1;2.5;2.5;1/05/2026 0:00:00;YAPE;;;
;VTA-0000410;7754111653305;UTILES;PLUMON DE PIZARRA JUMBO NEGRO FABER CASTELL;1;3.5;3.5;1/05/2026 0:00:00;YAPE;;;
;VTA-0000410;7754111032339;UTILES;PLUMON DE PIZARRA VERDE FABER CASTELL;1;2.5;2.5;1/05/2026 0:00:00;YAPE;;;
;VTA-0000410;7754111032162;UTILES;PLUMON PIZARRA ROJO FABERCASTELL;1;2.5;2.5;1/05/2026 0:00:00;YAPE;;;
;VTA-0000410;7754111018333;UTILES;PLUMON PIZARRA AZUL FABERCASTELL;1;2.5;2.5;1/05/2026 0:00:00;YAPE;;;
;VTA-0000410;6970767611204;UTILES;CALCULADORA HL-815L MEDIANA ECONOMICA;1;9;9;1/05/2026 0:00:00;YAPE;;;
;VTA-0000410;7750822007147;UTILES;REGLA 30 CM STANDFORD FLEXIBLE;1;2;2;1/05/2026 0:00:00;YAPE;;;
;VTA-0000410;DFF-0000000169;UTILES;MOTA ECONOMICA;1;3;3;1/05/2026 0:00:00;YAPE;;;
;VTA-0000411;DFF-0000000171;UTILES;CORBATA DE NIÑA AZULINO;1;3;3;4/05/2026 8:12:13;EFECTIVO;;;
;VTA-0000411;9555684605634;UTILES;BORRADOR PEQUEÑO BLANCO FABERCASTELL;1;1;1;4/05/2026 8:12:13;EFECTIVO;;;
;VTA-0000412;DFF-0000000171;UTILES;CORBATA DE NIÑA AZULINO;1;3;3;4/05/2026 8:12:40;EFECTIVO;;;
;VTA-0000413;DFF-0000000170;UTILES;CORBATA DE NIÑO AZULINO;1;3;3;4/05/2026 8:13:18;EFECTIVO;;;
;VTA-0000414;DFF-0000000171;UTILES;CORBATA DE NIÑA AZULINO;1;3;3;4/05/2026 8:13:36;EFECTIVO;;;
;VTA-0000415;DFF-IMP-A4CL;FOTOCOPIADORA;IMPRESION A4 A COLOR;2;1;2;4/05/2026 8:14:32;EFECTIVO;;;
;VTA-0000416;7750082003422;UTILES;LAPIZ 2B ARTESCO;1;1;1;4/05/2026 8:17:07;YAPE;;;
;VTA-0000417;DFF-0000000170;UTILES;CORBATA DE NIÑO AZULINO;1;3;3;4/05/2026 8:17:43;YAPE;;;
;VTA-0000418;7750822014237;UTILES;CUADERNO CUADRICULADO A4 ATLAS;1;6.5;6.5;4/05/2026 8:44:20;YAPE;;;
;VTA-0000419;DFF-COP-A4BN;FOTOCOPIADORA;FOTOCOPIA A4 A BLANCO Y NEGRO;57;0.08;4.6;4/05/2026 8:45:14;YAPE;;;
;VTA-0000420;DFF-COP-A4BN;FOTOCOPIADORA;FOTOCOPIA A4 A BLANCO Y NEGRO;60;0.08;4.8;4/05/2026 15:29:36;EFECTIVO;;;
;VTA-0000420;DFF-IMP-A4BN;FOTOCOPIADORA;IMPRESION A4 BLANCO Y NEGRO;5;0.5;2.5;4/05/2026 15:29:36;EFECTIVO;;;
;VTA-0000421;DFF-COP-A4BN;FOTOCOPIADORA;FOTOCOPIA A4 A BLANCO Y NEGRO;50;0.08;4;4/05/2026 15:30:08;EFECTIVO;;;
;VTA-0000422;DFF-0000000136;UTILES;MICROPOROSO ESCARCHADO A4 VERDE;2;1.5;3;4/05/2026 15:31:08;YAPE;;;
;VTA-0000422;DFF-0000000135;UTILES;MICROPOROSO ESCARCHADO A4 FUCSIA;2;1.5;3;4/05/2026 15:31:08;YAPE;;;
;VTA-0000423;2050000398674;UTILES;LAPICERO OVE ECONOMICO AZUL;1;1;1;4/05/2026 15:33:34;EFECTIVO;;;
;VTA-0000424;DFF-0000000172;UTILES;ESPONJA;1;0.5;0.5;4/05/2026 15:37:48;EFECTIVO;;;
;VTA-0000425;3013017826171;UTILES;LAPIZ JUMBO OVE;1;2;2;4/05/2026 15:42:02;EFECTIVO;;;
;VTA-0000426;DFF-0000000171;UTILES;CORBATA DE NIÑA AZULINO;1;3;3;5/05/2026 0:00:00;YAPE;;;
;VTA-0000427;DFF-0000000060;UTILES;CARTULINA CANSON TURQUESA;1;1.2;1.2;5/05/2026 0:00:00;EFECTIVO;;;
;VTA-0000428;7754807720144;UTILES;SILICONA LIQUIDA MEDIANA VINIFAN 100 ML;1;4;4;5/05/2026 0:00:00;EFECTIVO;;;
;VTA-0000429;DFF-IMP-FOTOCL;FOTOCOPIADORA;IMPRESION PAPEL FOTO A COLOR;1;2;2;5/05/2026 0:00:00;EFECTIVO;;;
;VTA-0000430;DFF-0000000171;UTILES;CORBATA DE NIÑA AZULINO;1;3;3;5/05/2026 0:00:00;EFECTIVO;;;
;VTA-0000431;9555684605634;UTILES;BORRADOR PEQUEÑO BLANCO FABERCASTELL;1;1;1;5/05/2026 0:00:00;EFECTIVO;;;
;VTA-0000432;7750082003422;UTILES;LAPIZ 2B ARTESCO;1;1;1;5/05/2026 0:00:00;EFECTIVO;;;
;VTA-0000433;DFF-0000000171;UTILES;CORBATA DE NIÑA AZULINO;2;3;6;5/05/2026 0:00:00;EFECTIVO;;;
;VTA-0000434;DFF-IMP-A4BN;FOTOCOPIADORA;IMPRESION A4 BLANCO Y NEGRO;45;0.5;22.5;5/05/2026 0:00:00;EFECTIVO;;;
;VTA-0000435;DFF-COP-DNICL;FOTOCOPIADORA;FOTOCOPIA DNI A COLOR;1;0.5;0.5;5/05/2026 0:00:00;EFECTIVO;;;
;VTA-0000436;3013017958285;UTILES;TIJERAS ECONOMICAS YIMI;1;1.5;1.5;5/05/2026 0:00:00;YAPE;;;
;VTA-0000437;DFF-IMP-A4CL;FOTOCOPIADORA;IMPRESION A4 A COLOR;2;1;2;5/05/2026 0:00:00;YAPE;;;
;VTA-0000438;DFF-COP-A4BN;FOTOCOPIADORA;FOTOCOPIA A4 A BLANCO Y NEGRO;51;0.08;4.1;5/05/2026 0:00:00;EFECTIVO;;;
;VTA-0000439;DFF-COP-A4BN;FOTOCOPIADORA;FOTOCOPIA A4 A BLANCO Y NEGRO;79;0.08;6.3;5/05/2026 0:00:00;EFECTIVO;;;
;VTA-0000440;7750082006157;UTILES;SILICONA LIQUIDA GRANDE ARTESCO 250ML;1;9;9;5/05/2026 0:00:00;YAPE;;;
;VTA-0000441;DFF-COP-A4BN;FOTOCOPIADORA;FOTOCOPIA A4 A BLANCO Y NEGRO;22;0.1;2.2;5/05/2026 0:00:00;EFECTIVO;;;
;VTA-0000442;DFF-0000000173;UTILES;PABILO GRANDE;1;1.2;1.2;5/05/2026 0:00:00;EFECTIVO;;;
;VTA-0000443;DFF-COP-A4BN;FOTOCOPIADORA;FOTOCOPIA A4 A BLANCO Y NEGRO;10;0.1;1;5/05/2026 0:00:00;EFECTIVO;;;
;VTA-0000444;7755033000055;UTILES;MICA FOTOSHECK HORIZONTAL 10.2 x 8.5 CM;1;0.5;0.5;6/05/2026 0:00:00;EFECTIVO;;;
;VTA-0000445;7750082001619;UTILES;TINTA AZUL PARA TAMPON ARTESCO 1 OZ;1;3;3;6/05/2026 0:00:00;YAPE;;;
;VTA-0000446;7754807720144;UTILES;SILICONA LIQUIDA MEDIANA VINIFAN 100 ML;1;4;4;6/05/2026 0:00:00;YAPE;;;
;VTA-0000446;DFF-0000000174;UTILES;PABILO PEQUEÑO;1;0.5;0.5;6/05/2026 0:00:00;YAPE;;;
;VTA-0000447;DFF-0000000018;UTILES;PAPEL DE SEDA COLOR MORADO;1;0.5;0.5;6/05/2026 0:00:00;EFECTIVO;;;
;VTA-0000448;DFF-0000000170;UTILES;CORBATA DE NIÑO AZULINO;1;3;3;6/05/2026 0:00:00;EFECTIVO;;;
;VTA-0000449;DFF-COP-A4CL;FOTOCOPIADORA;FOTOCOPIA A4 A COLOR;1;0.5;0.5;6/05/2026 0:00:00;EFECTIVO;;;
;VTA-0000450;7754807720137;UTILES;SILICONA LIQUIDA PEQUEÑA VINIFAN 30 ML;1;2;2;6/05/2026 0:00:00;EFECTIVO;;;
;VTA-0000451;DFF-COP-A4BN;FOTOCOPIADORA;FOTOCOPIA A4 A BLANCO Y NEGRO;18;0.08;1.4;6/05/2026 0:00:00;EFECTIVO;;;
;VTA-0000452;7754807720144;UTILES;SILICONA LIQUIDA MEDIANA VINIFAN 100 ML;1;4;4;6/05/2026 0:00:00;YAPE;;;
;VTA-0000453;DFF-0000000170;UTILES;CORBATA DE NIÑO AZULINO;2;3;6;6/05/2026 0:00:00;EFECTIVO;;;
;VTA-0000454;3013010066666;UTILES;PAPEL CREPE ROJO;2;1;2;6/05/2026 0:00:00;EFECTIVO;;;
;VTA-0000455;DFF-COP-A4BN;FOTOCOPIADORA;FOTOCOPIA A4 A BLANCO Y NEGRO;40;0.08;3.2;6/05/2026 0:00:00;EFECTIVO;;;
;VTA-0000456;7754111002905;UTILES;PLUMONES DELGADOS FABERCASTELL;1;8;8;6/05/2026 0:00:00;YAPE;;;
;VTA-0000457;DFF-IMP-FOTOCL;FOTOCOPIADORA;IMPRESION PAPEL FOTO A COLOR;1;2;2;6/05/2026 0:00:00;YAPE;;;
;VTA-0000458;DFF-0000000133;UTILES;BAJA LENGUA SIN COLOR;2;2;4;6/05/2026 0:00:00;EFECTIVO;;;
;VTA-0000459;2050000398674;UTILES;LAPICERO OVE ECONOMICO AZUL;1;1;1;7/05/2026 0:00:00;EFECTIVO;;;
;VTA-0000460;DFF-0000000156;UTILES;LIGAS;2;0.1;0.2;7/05/2026 0:00:00;YAPE;;;
;VTA-0000461;DFF-0000000170;UTILES;CORBATA DE NIÑO AZULINO;1;3;3;7/05/2026 0:00:00;EFECTIVO;;;
;VTA-0000461;DFF-0000000171;UTILES;CORBATA DE NIÑA AZULINO;1;3;3;7/05/2026 0:00:00;EFECTIVO;;;
;VTA-0000462;DFF-0000000078;UTILES;PINCEL ECONOMICO;1;1;1;7/05/2026 0:00:00;YAPE;;;
;VTA-0000463;DFF-IMP-A4CL;FOTOCOPIADORA;IMPRESION A4 A COLOR;1;1;1;7/05/2026 0:00:00;YAPE;;;
;VTA-0000464;DFF-COP-A4BN;FOTOCOPIADORA;FOTOCOPIA A4 A BLANCO Y NEGRO;18;0.1;1.8;7/05/2026 0:00:00;EFECTIVO;;;
;VTA-0000465;DFF-COP-A4BN;FOTOCOPIADORA;FOTOCOPIA A4 A BLANCO Y NEGRO;40;0.08;3.2;7/05/2026 0:00:00;EFECTIVO;;;
;VTA-0000466;DFF-0000000131;UTILES;SUPER BLUE;1;1;1;7/05/2026 0:00:00;EFECTIVO;;;
;VTA-0000467;DFF-0000000176;UTILES;MICROPOROSO ADHESIVO ESCARCHADO ROJO PLANCHA;2;4;8;8/05/2026 0:00:00;YAPE;;;
;VTA-0000468;DFF-0000000183;UTILES;GLOBO CON DISEÑO METALICO;1;2;2;8/05/2026 0:00:00;EFECTIVO;;;
;VTA-0000469;DFF-0000000184;UTILES;CINTA DE AGUA CON DISEÑO;1;4;4;8/05/2026 0:00:00;EFECTIVO;;;
;VTA-0000470;DFF-IMP-FOTOCL;FOTOCOPIADORA;IMPRESION PAPEL FOTO A COLOR;1;2.5;2.5;8/05/2026 0:00:00;YAPE;;;
;VTA-0000471;3013017070918;UTILES;SILICONA EN BARRA DELGADA;4;0.5;2;8/05/2026 0:00:00;YAPE;;;
;VTA-0000472;2050000398735;UTILES;LAPICERO OVE ECONOMICO ROJO;1;1;1;11/05/2026 0:00:00;EFECTIVO;;;
;VTA-0000472;2050000398674;UTILES;LAPICERO OVE ECONOMICO AZUL;1;1;1;11/05/2026 0:00:00;EFECTIVO;;;
;VTA-0000473;7750082003422;UTILES;LAPIZ 2B ARTESCO;1;1;1;11/05/2026 0:00:00;EFECTIVO;;;
;VTA-0000473;7750082003606;UTILES;CHEQUEO ROJO ARTESCO;1;1;1;11/05/2026 0:00:00;EFECTIVO;;;
;VTA-0000474;7750082207394;UTILES;REGLA DE 20 CM ARTESCO;1;1;1;11/05/2026 0:00:00;EFECTIVO;;;
;VTA-0000475;DFF-IMP-A4BN;FOTOCOPIADORA;IMPRESION A4 BLANCO Y NEGRO;1;0.5;0.5;11/05/2026 0:00:00;EFECTIVO;;;
;VTA-0000476;DFF-0000000171;UTILES;CORBATA DE NIÑA AZULINO;1;3;3;11/05/2026 0:00:00;EFECTIVO;;;
;VTA-0000477;DFF-0000000170;UTILES;CORBATA DE NIÑO AZULINO;1;3;3;11/05/2026 0:00:00;EFECTIVO;;;
;VTA-0000478;DFF-COP-A4BN;FOTOCOPIADORA;FOTOCOPIA A4 A BLANCO Y NEGRO;25;0.08;2;11/05/2026 0:00:00;EFECTIVO;;;
;VTA-0000479;DFF-COP-A4BN;FOTOCOPIADORA;FOTOCOPIA A4 A BLANCO Y NEGRO;60;0.08;4.8;11/05/2026 0:00:00;YAPE;;;
;VTA-0000479;DFF-IMP-A4BN;FOTOCOPIADORA;IMPRESION A4 BLANCO Y NEGRO;5;0.5;2.5;11/05/2026 0:00:00;YAPE;;;
;VTA-0000480;DFF-0000000073;UTILES;PAPELOTE CUADRICULADO;2;0.6;1.2;11/05/2026 0:00:00;EFECTIVO;;;
;VTA-0000481;DFF-0000000131;UTILES;SUPER BLUE;1;1;1;11/05/2026 0:00:00;EFECTIVO;;;
;VTA-0000482;7750082002623;UTILES;PLASTILINA JUMBO ARTESCO;1;5.5;5.5;12/05/2026 11:29:39;EFECTIVO;;;
;VTA-0000482;7754807080279;UTILES;MICA A4 VINIFAN;1;1;1;12/05/2026 11:29:39;EFECTIVO;;;
;VTA-0000483;DFF-0000000100;UTILES;PINCEL NUMERO 2;1;1;1;12/05/2026 11:30:54;EFECTIVO;;;
;VTA-0000483;DFF-0000000093;UTILES;PINCEL NUMERO 9;1;2;2;12/05/2026 11:30:54;EFECTIVO;;;
;VTA-0000484;DFF-0000000170;UTILES;CORBATA DE NIÑO AZULINO;1;3;3;12/05/2026 11:31:45;EFECTIVO;;;
;VTA-0000485;DFF-0000000073;UTILES;PAPELOTE CUADRICULADO;1;0.6;0.6;12/05/2026 11:32:03;EFECTIVO;;;
;VTA-0000486;7754111024259;UTILES;GOMA EN BARRA MEDIANA FABERCASTELL;1;3;3;12/05/2026 11:34:00;EFECTIVO;;;
;VTA-0000487;DFF-COP-A4BN;FOTOCOPIADORA;FOTOCOPIA A4 A BLANCO Y NEGRO;54;0.08;4.3;12/05/2026 11:34:27;EFECTIVO;;;
;VTA-0000488;DFF-COP-A4BN;FOTOCOPIADORA;FOTOCOPIA A4 A BLANCO Y NEGRO;31;0.08;2.5;12/05/2026 11:34:48;EFECTIVO;;;
;VTA-0000489;DFF-IMP-A4CL;FOTOCOPIADORA;IMPRESION A4 A COLOR;2;1;2;12/05/2026 11:35:21;YAPE;;;
;VTA-0000490;7751690115224;UTILES;CINTA MASKING TAPE SHURTAPE 1X15;2;2;4;12/05/2026 11:35:21;EFECTIVO;;;
;VTA-0000491;DFF-IMP-A4BN;FOTOCOPIADORA;IMPRESION A4 BLANCO Y NEGRO;3;0.5;1.5;13/05/2026 7:59:05;YAPE;;;
;VTA-0000492;7750082003712;UTILES;LIMPIATIPOS ARTESCO;1;3;3;13/05/2026 8:00:00;EFECTIVO;;;
;VTA-0000493;7754807771580;UTILES;CAJA DE TEMPERAS VINIFAN;1;8;8;13/05/2026 8:10:17;EFECTIVO;;;
;VTA-0000493;DFF-0000000075;UTILES;PAPELOTE RAYADO;1;0.6;0.6;13/05/2026 8:10:17;EFECTIVO;;;
;VTA-0000494;DFF-IMP-A3CL;FOTOCOPIADORA;IMPRESION A3 A COLOR;2;2;4;13/05/2026 8:10:44;EFECTIVO;;;
;VTA-0000495;DFF-0000000170;UTILES;CORBATA DE NIÑO AZULINO;1;3;3;13/05/2026 8:10:57;EFECTIVO;;;
;VTA-0000496;7754807771580;UTILES;CAJA DE TEMPERAS VINIFAN;1;8;8;13/05/2026 8:13:06;YAPE;;;
;VTA-0000497;DFF-0000000091;UTILES;PALETA;1;2.5;2.5;13/05/2026 8:14:17;YAPE;;;
;VTA-0000498;DFF-0000000091;UTILES;PALETA;1;2.5;2.5;13/05/2026 8:14:55;EFECTIVO;;;
;VTA-0000499;DFF-0000000186;UTILES;MANDIL DE PLASTICO;1;5;5;13/05/2026 8:15:33;EFECTIVO;;;
;VTA-0000500;DFF-COP-A4BN;FOTOCOPIADORA;FOTOCOPIA A4 A BLANCO Y NEGRO;45;0.08;3.6;13/05/2026 8:16:11;YAPE;;;
;VTA-0000501;DFF-0000000072;UTILES;PAPEL LUSTRE TURQUESA;4;0.6;2.4;13/05/2026 8:16:49;EFECTIVO;;;
;VTA-0000502;7754111019484;UTILES;CRAYOLA JUMBO FABERCASTELL;1;5.5;5.5;13/05/2026 8:17:27;YAPE;;;
;VTA-0000502;7754807720144;UTILES;SILICONA LIQUIDA MEDIANA VINIFAN 100 ML;1;4;4;13/05/2026 8:17:27;YAPE;;;
;VTA-0000502;DFF-0000000187;UTILES;CARTULINA CORRUGADA DORADA;1;3;3;13/05/2026 8:17:27;YAPE;;;
;VTA-0000503;7754111024273;UTILES;GOMA EN BARRA GRANDE FABERCASTELL;1;5;5;14/05/2026 0:00:00;EFECTIVO;;;
;VTA-0000504;7754807791182;UTILES;LIMPIATIPOS VINIFAN;1;3;3;14/05/2026 0:00:00;YAPE;;;
;VTA-0000504;7750082003606;UTILES;CHEQUEO ROJO ARTESCO;1;1;1;14/05/2026 0:00:00;YAPE;;;
;VTA-0000505;7754111024259;UTILES;GOMA EN BARRA MEDIANA FABERCASTELL;1;3;3;14/05/2026 0:00:00;YAPE;;;
;VTA-0000506;DFF-COP-A4BN;FOTOCOPIADORA;FOTOCOPIA A4 A BLANCO Y NEGRO;35;0.08;2.8;14/05/2026 0:00:00;EFECTIVO;;;
;VTA-0000507;7754111002905;UTILES;PLUMONES DELGADOS FABERCASTELL;1;8;8;15/05/2026 11:00:40;YAPE;;;
;VTA-0000507;7750082003606;UTILES;CHEQUEO ROJO ARTESCO;1;1;1;15/05/2026 11:00:40;YAPE;;;
;VTA-0000508;DFF-COP-A4BN;FOTOCOPIADORA;FOTOCOPIA A4 A BLANCO Y NEGRO;65;0.08;5.2;15/05/2026 11:01:22;EFECTIVO;;;
;VTA-0000509;DFF-0000000073;UTILES;PAPELOTE CUADRICULADO;3;0.6;1.8;15/05/2026 11:01:49;EFECTIVO;;;
;VTA-0000510;DFF-COP-A4BN;FOTOCOPIADORA;FOTOCOPIA A4 A BLANCO Y NEGRO;20;0.08;1.6;15/05/2026 11:02:07;YAPE;;;
;VTA-0000511;DFF-COP-A4BN;FOTOCOPIADORA;FOTOCOPIA A4 A BLANCO Y NEGRO;20;0.08;1.6;15/05/2026 11:03:28;EFECTIVO;;;
;VTA-0000512;DFF-0000000188;UTILES;GUANTE BLANCO GRANDE;3;3;9;15/05/2026 11:00:40;EFECTIVO;;;
;VTA-0000513;DFF-0000000132;UTILES;PALITOS DE CHUPETE SIN COLOR;1;1.5;1.5;15/05/2026 11:00:40;YAPE;;;
;VTA-0000514;DFF-IMP-A4BN;FOTOCOPIADORA;IMPRESION A4 BLANCO Y NEGRO;1;0.5;0.5;15/05/2026 11:00:40;YAPE;;;
;VTA-0000515;DFF-IMP-A4CL;FOTOCOPIADORA;IMPRESION A4 A COLOR;1;1;1;18/05/2026 10:27:01;EFECTIVO;;;
;VTA-0000516;DFF-0000000170;UTILES;CORBATA DE NIÑO AZULINO;1;3;3;18/05/2026 10:27:50;EFECTIVO;;;
;VTA-0000517;7754807771580;UTILES;CAJA DE TEMPERAS VINIFAN;1;8;8;18/05/2026 10:29:35;YAPE;;;
;VTA-0000517;DFF-0000000091;UTILES;PALETA;1;2.5;2.5;18/05/2026 10:29:35;YAPE;;;
;VTA-0000517;DFF-0000000097;UTILES;PINCEL NUMERO 5;1;2;2;18/05/2026 10:29:35;YAPE;;;
;VTA-0000518;DFF-COP-A4BN;FOTOCOPIADORA;FOTOCOPIA A4 A BLANCO Y NEGRO;1;0.1;0.1;18/05/2026 10:30:06;YAPE;;;
;VTA-0000519;DFF-0000000186;UTILES;MANDIL DE PLASTICO;1;6;6;18/05/2026 10:30:52;YAPE;;;
;VTA-0000520;7750082864320;UTILES;CAJA DE TEMPERAS ARTESCO;1;9;9;18/05/2026 10:31:17;EFECTIVO;;;
;VTA-0000521;DFF-IMP-FOTOCL;FOTOCOPIADORA;IMPRESION PAPEL FOTO A COLOR;1;2;2;18/05/2026 10:37:37;EFECTIVO;;;
;VTA-0000522;DFF-COP-A4BN;FOTOCOPIADORA;FOTOCOPIA A4 A BLANCO Y NEGRO;20;0.1;2;18/05/2026 10:38:31;YAPE;;;
;VTA-0000523;7750082062610;UTILES;BORRADOR ARTESCO BROCHA;1;3;3;18/05/2026 10:27:01;YAPE;;;
;VTA-0000523;4902505084560;UTILES;LAPICERO PUNTA FINA PILOT NEGRO;1;3;3;18/05/2026 10:27:01;YAPE;;;
;VTA-0000524;DFF-0000000170;UTILES;CORBATA DE NIÑO AZULINO;1;3;3;18/05/2026 10:27:01;EFECTIVO;;;
;VTA-0000525;7754111015882;UTILES;PLUMON NEGRO GRUESO DE PAPEL FABER CASTELL WINNER 47;1;2;2;18/05/2026 10:27:01;YAPE;;;
;VTA-0000525;7750082006133;UTILES;SILICONA LIQUIDA PEQUEÑA ARTESCO 30ML;1;2;2;18/05/2026 10:27:01;YAPE;;;
;VTA-0000526;PAPEL-BOND;UTILES;HOJA BOND A4 ATLAS;10;0.1;1;18/05/2026 10:27:01;YAPE;;;
;VTA-0000527;DFF-COP-A4BN;FOTOCOPIADORA;FOTOCOPIA A4 A BLANCO Y NEGRO;1;0.1;0.1;18/05/2026 10:27:01;EFECTIVO;;;
;VTA-0000528;7754807080279;UTILES;MICA A4 VINIFAN;1;1;1;18/05/2026 10:27:01;EFECTIVO;;;
;VTA-0000529;DFF-COP-A4BN;FOTOCOPIADORA;FOTOCOPIA A4 A BLANCO Y NEGRO;1;0.1;0.1;18/05/2026 10:27:01;EFECTIVO;;;
;VTA-0000530;DFF-0000000092;UTILES;PINCEL NUMERO 10;1;2;2;19/05/2026 0:00:00;EFECTIVO;;;
;VTA-0000530;DFF-0000000100;UTILES;PINCEL NUMERO 2;1;1;1;19/05/2026 0:00:00;EFECTIVO;;;
;VTA-0000531;2050000398704;UTILES;LAPICERO OVE ECONOMICO NEGRO;1;1;1;19/05/2026 0:00:00;EFECTIVO;;;
;VTA-0000532;DFF-COP-A4BN;FOTOCOPIADORA;FOTOCOPIA A4 A BLANCO Y NEGRO;1;0.1;0.1;19/05/2026 0:00:00;YAPE;;;
;VTA-0000533;2050000398704;UTILES;LAPICERO OVE ECONOMICO NEGRO;1;1;1;19/05/2026 0:00:00;EFECTIVO;;;
;VTA-0000534;2050000398674;UTILES;LAPICERO OVE ECONOMICO AZUL;1;1;1;19/05/2026 0:00:00;EFECTIVO;;;
;VTA-0000535;7750082003422;UTILES;LAPIZ 2B ARTESCO;1;1;1;19/05/2026 0:00:00;EFECTIVO;;;
;VTA-0000536;DFF-0000000189;UTILES;TABLA PERIODICA;1;2.5;2.5;19/05/2026 0:00:00;YAPE;;;
;VTA-0000537;DFF-0000000190;UTILES;BLOCK CUADRICULADO;1;3;3;19/05/2026 0:00:00;YAPE;;;
;VTA-0000538;DFF-0000000051;UTILES;CARTULINA CANSON NEGRA;1;1.5;1.5;19/05/2026 0:00:00;EFECTIVO;;;
;VTA-0000539;7750082005570;UTILES;CAJA DE CHINCHE DORADO ARTESCO;2;2.5;5;19/05/2026 0:00:00;EFECTIVO;;;
;VTA-0000540;7754111002905;UTILES;PLUMONES DELGADOS FABERCASTELL;1;8;8;22/05/2026 0:00:00;EFECTIVO;;;
;VTA-0000541;DFF-IMP-A4BN;FOTOCOPIADORA;IMPRESION A4 BLANCO Y NEGRO;14;0.5;7;22/05/2026 0:00:00;EFECTIVO;;;
;VTA-0000542;DFF-IMP-A4CL;FOTOCOPIADORA;IMPRESION A4 A COLOR;1;1;1;22/05/2026 0:00:00;YAPE;;;
;VTA-0000543;7754807080279;UTILES;MICA A4 VINIFAN;2;1;2;22/05/2026 0:00:00;EFECTIVO;;;
;VTA-0000544;DFF-COP-A4BN;FOTOCOPIADORA;FOTOCOPIA A4 A BLANCO Y NEGRO;7;0.1;0.7;22/05/2026 0:00:00;EFECTIVO;;;
;VTA-0000545;DFF-COP-A4BN;FOTOCOPIADORA;FOTOCOPIA A4 A BLANCO Y NEGRO;312;0.08;25;22/05/2026 0:00:00;YAPE;;;
;VTA-0000546;7754111024273;UTILES;GOMA EN BARRA GRANDE FABERCASTELL;1;5;5;22/05/2026 0:00:00;YAPE;;;
;VTA-0000547;DFF-0000000191;UTILES;PITO;1;1;1;20/05/2026 0:00:00;YAPE;;;
;VTA-0000548;DFF-0000000185;UTILES;CORBATA DE SECUNDARIA;1;5;5;20/05/2026 0:00:00;EFECTIVO;;;
;VTA-0000549;DFF-IMP-A4CL;FOTOCOPIADORA;IMPRESION A4 A COLOR;1;1;1;20/05/2026 0:00:00;EFECTIVO;;;
;VTA-0000550;2050000398704;UTILES;LAPICERO OVE ECONOMICO NEGRO;1;1;1;20/05/2026 0:00:00;EFECTIVO;;;
;VTA-0000551;7754807679008;UTILES;TAJADOR PLASTICO VINIFAN ESCUDO;1;2.5;2.5;20/05/2026 0:00:00;EFECTIVO;;;
;VTA-0000552;DFF-0000000191;UTILES;PITO;1;1;1;20/05/2026 0:00:00;EFECTIVO;;;
;VTA-0000553;DFF-0000000191;UTILES;PITO;1;1;1;20/05/2026 0:00:00;EFECTIVO;;;
;VTA-0000554;DFF-IMP-A4CL;FOTOCOPIADORA;IMPRESION A4 A COLOR;2;1;2;20/05/2026 0:00:00;YAPE;;;
;VTA-0000555;7750822012844;UTILES;CUADERNO STANDFORD TRIPLE RENGLON SOMBREADO A4 SIN STICKER;1;7;7;20/05/2026 0:00:00;YAPE;;;
;VTA-0000556;DFF-COP-A4BN;FOTOCOPIADORA;FOTOCOPIA A4 A BLANCO Y NEGRO;12;0.08;1;20/05/2026 0:00:00;EFECTIVO;;;
;VTA-0000557;DFF-IMP-FOTOCL;FOTOCOPIADORA;IMPRESION PAPEL FOTO A COLOR;1;2;2;21/05/2026 0:00:00;EFECTIVO;;;
;VTA-0000558;7750822014237;UTILES;CUADERNO CUADRICULADO A4 ATLAS;1;6.5;6.5;21/05/2026 0:00:00;EFECTIVO;;;
;VTA-0000558;9555684605603;UTILES;BORRADOR GRANDE BLANCO FABERCASTELL;1;1.5;1.5;21/05/2026 0:00:00;EFECTIVO;;;
;VTA-0000559;3013010067106;UTILES;PAPEL CREPE VERDE;1;1;1;21/05/2026 0:00:00;EFECTIVO;;;
;VTA-0000560;DFF-IMP-A4BN;FOTOCOPIADORA;IMPRESION A4 BLANCO Y NEGRO;3;0.5;1.5;21/05/2026 0:00:00;EFECTIVO;;;
;VTA-0000561;2050000398704;UTILES;LAPICERO OVE ECONOMICO NEGRO;1;1;1;25/05/2026 0:00:00;EFECTIVO;;;
;VTA-0000562;DFF-0000000080;UTILES;CARTULINA A4;1;0.5;0.5;25/05/2026 0:00:00;EFECTIVO;;;
;VTA-0000563;7750082003422;UTILES;LAPIZ 2B ARTESCO;1;1;1;25/05/2026 0:00:00;EFECTIVO;;;
;VTA-0000564;7750082003606;UTILES;CHEQUEO ROJO ARTESCO;1;1;1;25/05/2026 0:00:00;EFECTIVO;;;
;VTA-0000565;DFF-0000000170;UTILES;CORBATA DE NIÑO AZULINO;1;3;3;25/05/2026 0:00:00;YAPE;;;
;VTA-0000566;DFF-0000000170;UTILES;CORBATA DE NIÑO AZULINO;2;3;6;25/05/2026 0:00:00;YAPE;;;
;VTA-0000567;DFF-0000000171;UTILES;CORBATA DE NIÑA AZULINO;1;3;3;25/05/2026 0:00:00;YAPE;;;
;VTA-0000568;7750082003712;UTILES;LIMPIATIPOS ARTESCO;1;3;3;25/05/2026 0:00:00;EFECTIVO;;;
;VTA-0000569;7750822012370;UTILES;CUADERNO STANDFORD CUADRICULADO A4 SIN STICKER;1;6.5;6.5;25/05/2026 0:00:00;EFECTIVO;;;
;VTA-0000570;DFF-0000000192;UTILES;BILLETE Y MONEDA DE CARTON PLANCHA A4;4;1.75;7;26/05/2026 0:00:00;EFECTIVO;;;
;VTA-0000571;DFF-0000000189;UTILES;TABLA PERIODICA;1;2.5;2.5;26/05/2026 0:00:00;EFECTIVO;;;
;VTA-0000572;7750082864320;UTILES;CAJA DE TEMPERAS ARTESCO;1;9;9;26/05/2026 0:00:00;EFECTIVO;;;
;VTA-0000573;DFF-0000000100;UTILES;PINCEL NUMERO 2;1;1;1;26/05/2026 0:00:00;EFECTIVO;;;
;VTA-0000573;DFF-0000000099;UTILES;PINCEL NUMERO 3;1;1;1;26/05/2026 0:00:00;EFECTIVO;;;
;VTA-0000573;DFF-0000000092;UTILES;PINCEL NUMERO 10;2;1.8;3.6;26/05/2026 0:00:00;EFECTIVO;;;
;VTA-0000573;77501943;UTILES;TEMPERA SUELTA BLANCA DAVID;1;1.9;1.9;26/05/2026 0:00:00;EFECTIVO;;;
;VTA-0000574;DFF-0000000131;UTILES;SUPER BLUE;1;1;1;26/05/2026 0:00:00;YAPE;;;
;VTA-0000575;DFF-COP-A4BN;FOTOCOPIADORA;FOTOCOPIA A4 A BLANCO Y NEGRO;58;0.08;4.6;26/05/2026 0:00:00;EFECTIVO;;;
;VTA-0000576;DFF-COP-A4BN;FOTOCOPIADORA;FOTOCOPIA A4 A BLANCO Y NEGRO;12;0.08;1;26/05/2026 0:00:00;EFECTIVO;;;
;VTA-0000577;DFF-COP-A4BN;FOTOCOPIADORA;FOTOCOPIA A4 A BLANCO Y NEGRO;39;0.08;3.1;26/05/2026 0:00:00;EFECTIVO;;;
;VTA-0000578;DFF-IMP-A4BN;FOTOCOPIADORA;IMPRESION A4 BLANCO Y NEGRO;1;0.5;0.5;26/05/2026 0:00:00;EFECTIVO;;;
;VTA-0000579;DFF-IMP-A4BN;FOTOCOPIADORA;IMPRESION A4 BLANCO Y NEGRO;1;0.5;0.5;26/05/2026 0:00:00;EFECTIVO;;;
;VTA-0000580;7754111024273;UTILES;GOMA EN BARRA GRANDE FABERCASTELL;1;5;5;26/05/2026 0:00:00;YAPE;;;
;VTA-0000581;DFF-COP-DNIBN;FOTOCOPIADORA;FOTOCOPIA DNI BLANCO Y NEGRO;5;0.2;1;27/05/2026 0:00:00;EFECTIVO;;;
;VTA-0000582;DFF-COP-DNICL;FOTOCOPIADORA;FOTOCOPIA DNI A COLOR;2;0.5;1;27/05/2026 0:00:00;YAPE;;;
;VTA-0000583;7754111018333;UTILES;PLUMON PIZARRA AZUL FABERCASTELL;1;2.5;2.5;27/05/2026 0:00:00;YAPE;;;
;VTA-0000583;7754111032285;UTILES;PLUMON PIZARRA NEGRO FABERCASTELL;1;2.5;2.5;27/05/2026 0:00:00;YAPE;;;
;VTA-0000584;7750082003422;UTILES;LAPIZ 2B ARTESCO;1;1;1;27/05/2026 0:00:00;EFECTIVO;;;
;VTA-0000584;7750082003606;UTILES;CHEQUEO ROJO ARTESCO;1;1;1;27/05/2026 0:00:00;EFECTIVO;;;
;VTA-0000585;7754111131070;UTILES;CAJA DE TEMPERAS FABERCASTELL;1;9;9;27/05/2026 0:00:00;EFECTIVO;;;
;VTA-0000586;DFF-0000000131;UTILES;SUPER BLUE;1;1;1;27/05/2026 0:00:00;EFECTIVO;;;
;VTA-0000587;DFF-0000000170;UTILES;CORBATA DE NIÑO AZULINO;1;3;3;28/05/2026 0:00:00;YAPE;;;
;VTA-0000588;DFF-0000000170;UTILES;CORBATA DE NIÑO AZULINO;1;3;3;28/05/2026 0:00:00;EFECTIVO;;;
;VTA-0000589;7754807679008;UTILES;TAJADOR PLASTICO VINIFAN ESCUDO;1;2.5;2.5;28/05/2026 0:00:00;YAPE;;;
;VTA-0000589;9555684605634;UTILES;BORRADOR PEQUEÑO BLANCO FABERCASTELL;1;1;1;28/05/2026 0:00:00;YAPE;;;
;VTA-0000590;7750082207424;UTILES;REGLA DE 30 CM ARTESCO;1;1.5;1.5;28/05/2026 0:00:00;YAPE;;;
;VTA-0000590;9555684605603;UTILES;BORRADOR GRANDE BLANCO FABERCASTELL;1;1.5;1.5;28/05/2026 0:00:00;YAPE;;;
;VTA-0000591;2050000398674;UTILES;LAPICERO OVE ECONOMICO AZUL;4;1;4;28/05/2026 0:00:00;YAPE;;;
;VTA-0000591;7750082003422;UTILES;LAPIZ 2B ARTESCO;1;1;1;28/05/2026 0:00:00;YAPE;;;
;VTA-0000592;DFF-COP-A4BN;FOTOCOPIADORA;FOTOCOPIA A4 A BLANCO Y NEGRO;84;0.08;6.7;28/05/2026 0:00:00;EFECTIVO;;;
;VTA-0000593;DFF-COP-A4BN;FOTOCOPIADORA;FOTOCOPIA A4 A BLANCO Y NEGRO;54;0.08;4.3;28/05/2026 0:00:00;EFECTIVO;;;
;VTA-0000594;DFF-COP-A4BN;FOTOCOPIADORA;FOTOCOPIA A4 A BLANCO Y NEGRO;20;0.08;1.6;28/05/2026 0:00:00;YAPE;;;
;VTA-0000595;DFF-COP-A4BN;FOTOCOPIADORA;FOTOCOPIA A4 A BLANCO Y NEGRO;26;0.08;2.1;28/05/2026 0:00:00;EFECTIVO;;;
;VTA-0000596;2050000398674;UTILES;LAPICERO OVE ECONOMICO AZUL;1;1;1;28/05/2026 0:00:00;EFECTIVO;;;
;VTA-0000597;7750049011194;UTILES;CUADERNO SURCO CUADRICULADO A5;1;3;3;28/05/2026 0:00:00;YAPE;;;
;VTA-0000598;DFF-0000000188;UTILES;GUANTE BLANCO GRANDE;1;3;3;1/06/2026 17:49:15;EFECTIVO;;;
;VTA-0000599;3013017826171;UTILES;LAPIZ JUMBO OVE;1;2;2;1/06/2026 17:50:42;YAPE;;;
;VTA-0000599;7750082002135;UTILES;LAPIZ TECNICO ARTESCO;1;2;2;1/06/2026 17:50:42;YAPE;;;
;VTA-0000600;DFF-COP-A4BN;FOTOCOPIADORA;FOTOCOPIA A4 A BLANCO Y NEGRO;115;0.08;9.2;1/06/2026 17:51:34;YAPE;;;
;VTA-0000601;DFF-COP-A4BN;FOTOCOPIADORA;FOTOCOPIA A4 A BLANCO Y NEGRO;175;0.08;14;1/06/2026 17:53:07;EFECTIVO;;;
;VTA-0000601;DFF-IMP-A4BN;FOTOCOPIADORA;IMPRESION A4 BLANCO Y NEGRO;8;0.5;4;1/06/2026 17:53:07;EFECTIVO;;;
;VTA-0000602;7754111032285;UTILES;PLUMON PIZARRA NEGRO FABERCASTELL;1;2.5;2.5;1/06/2026 18:03:11;YAPE;;;
;VTA-0000603;DFF-0000000080;UTILES;CARTULINA A4;2;0.5;1;2/06/2026 0:21:33;EFECTIVO;;;
;VTA-0000603;DFF-0000000108;UTILES;HOJA DE COLOR CELESTE PASTEL;3;0.2;0.6;2/06/2026 0:21:33;EFECTIVO;;;
;VTA-0000603;PAPEL-BOND;UTILES;HOJA BOND A4 ATLAS;4;0.1;0.4;2/06/2026 0:21:33;EFECTIVO;;;
;VTA-0000604;DFF-0000000080;UTILES;CARTULINA A4;2;0.5;1;2/06/2026 0:23:03;YAPE;;;
;VTA-0000604;DFF-0000000108;UTILES;HOJA DE COLOR CELESTE PASTEL;3;0.2;0.6;2/06/2026 0:23:03;YAPE;;;
;VTA-0000605;DFF-0000000131;UTILES;SUPER BLUE;1;1;1;2/06/2026 0:23:26;EFECTIVO;;;
;VTA-0000606;9555684605603;UTILES;BORRADOR GRANDE BLANCO FABERCASTELL;1;1.5;1.5;2/06/2026 0:23:53;YAPE;;;
;VTA-0000607;DFF-0000000108;UTILES;HOJA DE COLOR CELESTE PASTEL;3;0.2;0.6;2/06/2026 0:24:40;YAPE;;;
;VTA-0000607;PAPEL-BOND;UTILES;HOJA BOND A4 ATLAS;3;0.1;0.3;2/06/2026 0:24:40;YAPE;;;
;VTA-0000608;9555684605634;UTILES;BORRADOR PEQUEÑO BLANCO FABERCASTELL;1;1;1;2/06/2026 0:24:59;EFECTIVO;;;
;VTA-0000609;2050000398674;UTILES;LAPICERO OVE ECONOMICO AZUL;1;1;1;2/06/2026 0:25:16;EFECTIVO;;;
;VTA-0000610;7755354016070;UTILES;CUADERNO ALPHA 1X1 A4;1;6.5;6.5;2/06/2026 0:25:34;EFECTIVO;;;
;VTA-0000611;DFF-0000000139;UTILES;MICROPOROSO ESCARCHADO A4 PLATEADO;1;2;2;2/06/2026 0:32:14;EFECTIVO;;;
;VTA-0000611;DFF-0000000144;UTILES;MICROPOROSO ESCARCHADO A4 BLANCO;1;2;2;2/06/2026 0:32:14;EFECTIVO;;;
;VTA-0000611;DFF-0000000146;UTILES;MICROPOROSO ESCARCHADO A4 AZUL;1;2;2;2/06/2026 0:32:14;EFECTIVO;;;
;VTA-0000611;DFF-0000000138;UTILES;MICROPOROSO ESCARCHADO A4 DORADO;1;2;2;2/06/2026 0:32:14;EFECTIVO;;;
;VTA-0000611;7754807720137;UTILES;SILICONA LIQUIDA PEQUEÑA VINIFAN 30 ML;2;2;4;2/06/2026 0:32:14;EFECTIVO;;;
;VTA-0000611;DFF-0000000193;UTILES;MICROPOROSO A4;2;1;2;2/06/2026 0:32:14;EFECTIVO;;;
;VTA-0000611;DFF-0000000080;UTILES;CARTULINA A4;2;1;2;2/06/2026 0:32:14;EFECTIVO;;;
;VTA-0000611;DFF-0000000108;UTILES;HOJA DE COLOR CELESTE PASTEL;3;0.5;1.5;2/06/2026 0:32:14;EFECTIVO;;;
;VTA-0000611;PAPEL-BOND;UTILES;HOJA BOND A4 ATLAS;5;0.1;0.5;2/06/2026 0:32:14;EFECTIVO;;;
;VTA-0000612;DFF-COP-A4BN;FOTOCOPIADORA;FOTOCOPIA A4 A BLANCO Y NEGRO;34;0.08;2.7;2/06/2026 0:33:14;EFECTIVO;;;
;VTA-0000613;DFF-COP-A4BN;FOTOCOPIADORA;FOTOCOPIA A4 A BLANCO Y NEGRO;52;0.08;4.2;2/06/2026 0:33:51;YAPE;;;
;VTA-0000614;DFF-0000000131;UTILES;SUPER BLUE;1;1;1;2/06/2026 0:34:23;YAPE;;;
;VTA-0000615;DFF-COP-A4BN;FOTOCOPIADORA;FOTOCOPIA A4 A BLANCO Y NEGRO;88;0.08;7;2/06/2026 0:35:17;YAPE;;;
;VTA-0000616;DFF-COP-A4BN;FOTOCOPIADORA;FOTOCOPIA A4 A BLANCO Y NEGRO;115;0.08;9.2;2/06/2026 0:35:46;YAPE;;;
;VTA-0000617;7754111032285;UTILES;PLUMON PIZARRA NEGRO FABERCASTELL;1;2.5;2.5;2/06/2026 0:37:17;YAPE;;;
;VTA-0000618;DFF-COP-A4BN;FOTOCOPIADORA;FOTOCOPIA A4 A BLANCO Y NEGRO;12;0.08;1;2/06/2026 0:37:48;EFECTIVO;;;
;VTA-0000619;DFF-IMP-A4CL;FOTOCOPIADORA;IMPRESION A4 A COLOR;6;1;6;2/06/2026 0:38:14;EFECTIVO;;;
;VTA-0000620;PAPEL-BOND;UTILES;HOJA BOND A4 ATLAS;1;0.07;0.1;2/06/2026 0:49:47;EFECTIVO;;;
;VTA-0000621;DFF-0000000125;UTILES;MICA A5 ARTESCO;1;0.5;0.5;7/06/2026 17:12:37;EFECTIVO;;;
;VTA-0000622;DFF-0000000139;UTILES;MICROPOROSO ESCARCHADO A4 PLATEADO;1;1.5;1.5;7/06/2026 18:41:15;YAPE;;;
;VTA-0000622;DFF-0000000146;UTILES;MICROPOROSO ESCARCHADO A4 AZUL;1;1.5;1.5;7/06/2026 18:41:15;YAPE;;;
;VTA-0000622;DFF-0000000194;UTILES;MICROPOROSO ESCARCHADO A4 NEGRO;1;1.5;1.5;7/06/2026 18:41:15;YAPE;;;
;VTA-0000623;7754807720137;UTILES;SILICONA LIQUIDA PEQUEÑA VINIFAN 30 ML;1;2;2;7/06/2026 18:41:50;YAPE;;;
;VTA-0000624;3013017958285;UTILES;TIJERAS ECONOMICAS YIMI;1;1.5;1.5;7/06/2026 18:42:15;YAPE;;;
;VTA-0000625;7750082399877;UTILES;TRANSPORTADOR ARTESCO 9CM;1;1;1;7/06/2026 18:42:52;EFECTIVO;;;
;VTA-0000626;DFF-0000000194;UTILES;MICROPOROSO ESCARCHADO A4 NEGRO;2;1.5;3;7/06/2026 18:45:26;EFECTIVO;;;
;VTA-0000626;DFF-0000000139;UTILES;MICROPOROSO ESCARCHADO A4 PLATEADO;1;1.5;1.5;7/06/2026 18:45:26;EFECTIVO;;;
;VTA-0000626;DFF-0000000146;UTILES;MICROPOROSO ESCARCHADO A4 AZUL;2;1.5;3;7/06/2026 18:45:26;EFECTIVO;;;
;VTA-0000626;3013017958285;UTILES;TIJERAS ECONOMICAS YIMI;1;1;1;7/06/2026 18:45:26;EFECTIVO;;;
;VTA-0000626;7754807720137;UTILES;SILICONA LIQUIDA PEQUEÑA VINIFAN 30 ML;1;2;2;7/06/2026 18:45:26;EFECTIVO;;;
;VTA-0000627;7754111532037;UTILES;LAPICERO FABERCASTELL ECONOMICO NEGRO TRILUX 032;1;1;1;7/06/2026 18:46:30;YAPE;;;
;VTA-0000628;DFF-COP-A4BN;FOTOCOPIADORA;FOTOCOPIA A4 A BLANCO Y NEGRO;58;0.08;4.6;7/06/2026 18:47:02;EFECTIVO;;;
;VTA-0000629;DFF-COP-A4BN;FOTOCOPIADORA;FOTOCOPIA A4 A BLANCO Y NEGRO;109;0.08;8.7;7/06/2026 18:47:35;EFECTIVO;;;
;VTA-0000630;7750737360665;UTILES;FOLDER MANILA NATURAL A4;1;1;1;7/06/2026 18:51:41;EFECTIVO;;;
;VTA-0000630;7750082015371;UTILES;FASTER ARTESCO DE METAL;1;0.5;0.5;7/06/2026 18:51:41;EFECTIVO;;;
;VTA-0000630;DFF-0000000195;UTILES;SOBRE MANILA A4;1;1;1;7/06/2026 18:51:41;EFECTIVO;;;
;VTA-0000631;7754111015707;UTILES;PLUMON ROJO GRUESO DE PAPEL FABER CASTELL WINNER 47;1;2;2;7/06/2026 18:53:35;EFECTIVO;;;
;VTA-0000632;7750082003422;UTILES;LAPIZ 2B ARTESCO;2;1;2;7/06/2026 18:55:10;YAPE;;;
;VTA-0000632;7750082003606;UTILES;CHEQUEO ROJO ARTESCO;2;1;2;7/06/2026 18:55:10;YAPE;;;
;VTA-0000632;PAPEL-BOND;UTILES;HOJA BOND A4 ATLAS;20;0.1;2;7/06/2026 18:55:10;YAPE;;;
;VTA-0000633;7750082002623;UTILES;PLASTILINA JUMBO ARTESCO;1;5.5;5.5;7/06/2026 18:56:14;YAPE;;;
;VTA-0000634;DFF-0000000194;UTILES;MICROPOROSO ESCARCHADO A4 NEGRO;2;1.5;3;7/06/2026 18:58:33;EFECTIVO;;;
;VTA-0000634;DFF-0000000139;UTILES;MICROPOROSO ESCARCHADO A4 PLATEADO;2;1.5;3;7/06/2026 18:58:33;EFECTIVO;;;
;VTA-0000634;DFF-0000000146;UTILES;MICROPOROSO ESCARCHADO A4 AZUL;2;1.5;3;7/06/2026 18:58:33;EFECTIVO;;;
;VTA-0000634;DFF-0000000138;UTILES;MICROPOROSO ESCARCHADO A4 DORADO;1;1.5;1.5;7/06/2026 18:58:33;EFECTIVO;;;
;VTA-0000634;7754807720137;UTILES;SILICONA LIQUIDA PEQUEÑA VINIFAN 30 ML;1;2;2;7/06/2026 18:58:33;EFECTIVO;;;
;VTA-0000635;7754807080279;UTILES;MICA A4 VINIFAN;1;1;1;7/06/2026 19:04:06;EFECTIVO;;;
;VTA-0000636;DFF-COP-A4BN;FOTOCOPIADORA;FOTOCOPIA A4 A BLANCO Y NEGRO;40;0.08;3.2;7/06/2026 19:04:45;EFECTIVO;;;
;VTA-0000637;DFF-COP-A4BN;FOTOCOPIADORA;FOTOCOPIA A4 A BLANCO Y NEGRO;36;0.08;2.9;7/06/2026 19:05:14;YAPE;;;
;VTA-0000638;7750049008453;UTILES;SKETCH BOOK SURCO;1;6.5;6.5;7/06/2026 19:05:58;YAPE;;;
;VTA-0000639;DFF-0000000137;UTILES;MICROPOROSO ESCARCHADO A4 MARRON;1;1.5;1.5;7/06/2026 19:11:25;EFECTIVO;;;
;VTA-0000639;DFF-0000000089;UTILES;HOJA DE COLOR MORADO;2;0.2;0.4;7/06/2026 19:11:25;EFECTIVO;;;
;VTA-0000639;8993282453638;UTILES;HOJA DE COLOR AMARILLO NEÓN;2;0.2;0.4;7/06/2026 19:11:25;EFECTIVO;;;
;VTA-0000639;DFF-0000000088;UTILES;HOJA DE COLOR FUCSIA;2;0.2;0.4;7/06/2026 19:11:25;EFECTIVO;;;
;VTA-0000639;DFF-0000000087;UTILES;HOJA DE COLOR MARRÓN;2;0.2;0.4;7/06/2026 19:11:25;EFECTIVO;;;
;VTA-0000639;DFF-0000000101;UTILES;HOJA DE COLOR NEGRO;2;0.2;0.4;7/06/2026 19:11:25;EFECTIVO;;;
;VTA-0000639;DFF-0000000102;UTILES;HOJA DE COLOR AZUL;2;0.2;0.4;7/06/2026 19:11:25;EFECTIVO;;;
;VTA-0000639;DFF-0000000103;UTILES;HOJA DE COLOR VERDE OSCURO;2;0.2;0.4;7/06/2026 19:11:25;EFECTIVO;;;
;VTA-0000639;DFF-0000000104;UTILES;HOJA DE COLOR LILA;2;0.2;0.4;7/06/2026 19:11:25;EFECTIVO;;;
;VTA-0000639;DFF-0000000105;UTILES;HOJA DE COLOR ROJO;2;0.2;0.4;7/06/2026 19:11:25;EFECTIVO;;;
;VTA-0000639;DFF-0000000106;UTILES;HOJA DE COLOR VERDE NEON;2;0.2;0.4;7/06/2026 19:11:25;EFECTIVO;;;
;VTA-0000639;DFF-0000000107;UTILES;HOJA DE COLOR AMARILLO PASTEL;2;0.2;0.4;7/06/2026 19:11:25;EFECTIVO;;;
;VTA-0000639;DFF-0000000108;UTILES;HOJA DE COLOR CELESTE PASTEL;2;0.2;0.4;7/06/2026 19:11:25;EFECTIVO;;;
;VTA-0000639;DFF-0000000109;UTILES;HOJA DE COLOR ANARANJADO;2;0.2;0.4;7/06/2026 19:11:25;EFECTIVO;;;
;VTA-0000639;DFF-0000000124;UTILES;HOJA DE COLOR TURQUEZA;2;0.2;0.4;7/06/2026 19:11:25;EFECTIVO;;;
;VTA-0000639;DFF-0000000123;UTILES;HOJA DE COLOR VERDE;2;0.2;0.4;7/06/2026 19:11:25;EFECTIVO;;;
;VTA-0000640;DFF-IMP-A4CL;FOTOCOPIADORA;IMPRESION A4 A COLOR;1;1;1;7/06/2026 19:13:42;EFECTIVO;;;
;VTA-0000641;7750082003422;UTILES;LAPIZ 2B ARTESCO;1;1;1;7/06/2026 19:13:58;EFECTIVO;;;
;VTA-0000642;DFF-0000000080;UTILES;CARTULINA A4;2;0.5;1;7/06/2026 19:14:55;EFECTIVO;;;
;VTA-0000643;7754111032162;UTILES;PLUMON PIZARRA ROJO FABERCASTELL;1;2.5;2.5;7/06/2026 19:15:34;EFECTIVO;;;
;VTA-0000644;7754111018333;UTILES;PLUMON PIZARRA AZUL FABERCASTELL;1;2.5;2.5;7/06/2026 19:15:53;YAPE;;;
;VTA-0000645;2050000398735;UTILES;LAPICERO OVE ECONOMICO ROJO;1;1;1;7/06/2026 19:16:58;EFECTIVO;;;
;VTA-0000645;2050000398674;UTILES;LAPICERO OVE ECONOMICO AZUL;1;1;1;7/06/2026 19:16:58;EFECTIVO;;;
;VTA-0000645;2050000398704;UTILES;LAPICERO OVE ECONOMICO NEGRO;1;1;1;7/06/2026 19:16:58;EFECTIVO;;;
;VTA-0000645;9555684605634;UTILES;BORRADOR PEQUEÑO BLANCO FABERCASTELL;1;1;1;7/06/2026 19:16:58;EFECTIVO;;;
;VTA-0000646;6947860582304;UTILES;PERFORADOR ECONOMICO;1;6;6;7/06/2026 19:17:37;EFECTIVO;;;
;VTA-0000647;DFF-0000000194;UTILES;MICROPOROSO ESCARCHADO A4 NEGRO;2;1.5;3;7/06/2026 19:22:47;YAPE;;;
;VTA-0000647;DFF-0000000139;UTILES;MICROPOROSO ESCARCHADO A4 PLATEADO;2;1.5;3;7/06/2026 19:22:47;YAPE;;;
;VTA-0000647;DFF-0000000146;UTILES;MICROPOROSO ESCARCHADO A4 AZUL;2;1.5;3;7/06/2026 19:22:47;YAPE;;;
;VTA-0000647;7750082006140;UTILES;SILICONA LIQUIDA MEDIANA ARTESCO 100ML;1;4;4;7/06/2026 19:22:47;YAPE;;;
;VTA-0000648;PAPEL-BOND;UTILES;HOJA BOND A4 ATLAS;15;0.1;1.5;7/06/2026 19:23:58;EFECTIVO;;;
;VTA-0000649;DFF-0000000089;UTILES;HOJA DE COLOR MORADO;2;0.2;0.4;7/06/2026 19:25:57;EFECTIVO;;;
;VTA-0000649;8993282453638;UTILES;HOJA DE COLOR AMARILLO NEÓN;1;0.2;0.2;7/06/2026 19:25:57;EFECTIVO;;;
;VTA-0000649;DFF-0000000088;UTILES;HOJA DE COLOR FUCSIA;2;0.2;0.4;7/06/2026 19:25:57;EFECTIVO;;;
;VTA-0000650;7754807720144;UTILES;SILICONA LIQUIDA MEDIANA VINIFAN 100 ML;1;4;4;7/06/2026 19:26:26;YAPE;;;
;VTA-0000651;2050000398704;UTILES;LAPICERO OVE ECONOMICO NEGRO;1;1;1;7/06/2026 19:27:20;EFECTIVO;;;
;VTA-0000652;7750082062610;UTILES;BORRADOR ARTESCO BROCHA;1;3;3;7/06/2026 19:27:46;EFECTIVO;;;
;VTA-0000653;7750822012844;UTILES;CUADERNO STANDFORD TRIPLE RENGLON SOMBREADO A4 SIN STICKER;1;6.5;6.5;7/06/2026 19:28:16;EFECTIVO;;;
;VTA-0000654;7750822012844;UTILES;CUADERNO STANDFORD TRIPLE RENGLON SOMBREADO A4 SIN STICKER;1;6.5;6.5;7/06/2026 19:33:20;EFECTIVO;;;
;VTA-0000655;DFF-0000000080;UTILES;CARTULINA A4;2;0.5;1;7/06/2026 19:34:14;EFECTIVO;;;
;VTA-0000656;DFF-0000000108;UTILES;HOJA DE COLOR CELESTE PASTEL;3;0.2;0.6;7/06/2026 19:34:41;EFECTIVO;;;
;VTA-0000657;7754807720144;UTILES;SILICONA LIQUIDA MEDIANA VINIFAN 100 ML;1;4;4;7/06/2026 19:35:08;YAPE;;;
;VTA-0000658;DFF-0000000080;UTILES;CARTULINA A4;2;1;2;7/06/2026 19:35:43;EFECTIVO;;;
;VTA-0000659;7750082006133;UTILES;SILICONA LIQUIDA PEQUEÑA ARTESCO 30ML;1;2;2;7/06/2026 19:37:26;EFECTIVO;;;
;VTA-0000659;DFF-0000000194;UTILES;MICROPOROSO ESCARCHADO A4 NEGRO;2;1.5;3;7/06/2026 19:37:26;EFECTIVO;;;
;VTA-0000659;DFF-0000000139;UTILES;MICROPOROSO ESCARCHADO A4 PLATEADO;1;1.5;1.5;7/06/2026 19:37:26;EFECTIVO;;;
;VTA-0000659;DFF-0000000146;UTILES;MICROPOROSO ESCARCHADO A4 AZUL;2;1.5;3;7/06/2026 19:37:26;EFECTIVO;;;
;VTA-0000660;7750082001619;UTILES;TINTA AZUL PARA TAMPON ARTESCO 1 OZ;1;3;3;7/06/2026 19:44:46;YAPE;;;
;VTA-0000661;DFF-COP-A4BN;FOTOCOPIADORA;FOTOCOPIA A4 A BLANCO Y NEGRO;49;0.08;3.9;7/06/2026 19:45:15;EFECTIVO;;;
;VTA-0000662;7754807080279;UTILES;MICA A4 VINIFAN;2;1;2;7/06/2026 19:46:19;EFECTIVO;;;
;VTA-0000663;7754807720137;UTILES;SILICONA LIQUIDA PEQUEÑA VINIFAN 30 ML;1;2;2;7/06/2026 19:46:52;YAPE;;;
;VTA-0000664;7750082037328;UTILES;REGLA CIRCULAR ARTESCO;1;1.5;1.5;7/06/2026 19:48:40;EFECTIVO;;;
;VTA-0000665;DFF-0000000196;UTILES;BANDERA DE PAPEL - PERÚ;1;1.5;1.5;7/06/2026 19:50:10;EFECTIVO;;;
;VTA-0000666;DFF-0000000197;UTILES;BANDERA DE TELA - PERÚ;1;2;2;7/06/2026 19:54:51;EFECTIVO;;;
;VTA-0000667;7754005018623;UTILES;CINTA DE ESCRITORIO PEQUEÑA;1;1;1;7/06/2026 19:57:35;EFECTIVO;;;
;VTA-0000668;DFF-0000000196;UTILES;BANDERA DE PAPEL - PERÚ;1;1.5;1.5;7/06/2026 19:58:03;YAPE;;;
;VTA-0000669;DFF-COP-A4BN;FOTOCOPIADORA;FOTOCOPIA A4 A BLANCO Y NEGRO;24;0.08;1.9;7/06/2026 19:58:40;EFECTIVO;;;
;VTA-0000670;7750082003422;UTILES;LAPIZ 2B ARTESCO;1;1;1;7/06/2026 19:59:04;YAPE;;;
;VTA-0000671;6901234567908;UTILES;CUTER;1;1.5;1.5;7/06/2026 19:59:57;EFECTIVO;;;
;VTA-0000672;DFF-COP-A4BN;FOTOCOPIADORA;FOTOCOPIA A4 A BLANCO Y NEGRO;9;0.08;0.7;7/06/2026 20:00:37;EFECTIVO;;;
;VTA-0000673;DFF-COP-A4BN;FOTOCOPIADORA;FOTOCOPIA A4 A BLANCO Y NEGRO;5;0.1;0.5;7/06/2026 20:01:05;EFECTIVO;;;
;VTA-0000674;3013017958285;UTILES;TIJERAS ECONOMICAS YIMI;1;1.5;1.5;7/06/2026 20:01:27;EFECTIVO;;;
;VTA-0000675;DFF-COP-A4BN;FOTOCOPIADORA;FOTOCOPIA A4 A BLANCO Y NEGRO;230;0.08;18.4;7/06/2026 20:03:03;YAPE;;;
;VTA-0000676;DFF-IMP-A4CL;FOTOCOPIADORA;IMPRESION A4 A COLOR;25;1;25;7/06/2026 20:08:06;YAPE;;;
;VTA-0000677;DFF-IMP-FOTOCL;FOTOCOPIADORA;IMPRESION PAPEL FOTO A COLOR;4;2;8;7/06/2026 20:08:40;YAPE;;;
;VTA-0000678;DFF-IMP-A3CL;FOTOCOPIADORA;IMPRESION A3 A COLOR;1;2;2;7/06/2026 20:16:23;YAPE;;;
;VTA-0000678;DFF-COP-A4BN;FOTOCOPIADORA;FOTOCOPIA A4 A BLANCO Y NEGRO;204;0.08;16.3;7/06/2026 20:16:23;YAPE;;;
;VTA-0000679;7754111654104;UTILES;PLUMON INDELEBLE GRUESO AZUL FABER CASTELL WINNER 54;1;4;4;7/06/2026 20:24:39;YAPE;;;
;VTA-0000679;7754111654401;UTILES;PLUMON INDELEBLE GURESO VERDE FABER CASTELL WINNER 54;1;4;4;7/06/2026 20:24:39;YAPE;;;
;VTA-0000679;7754111652209;UTILES;PLUMON INDELEBLE GRUESO ROJO FABER CASTELL WINNER 52;1;4;4;7/06/2026 20:24:39;YAPE;;;
;VTA-0000679;DFF-0000000049;UTILES;CARTULINA ECONOMICA ROJA;1;1;1;7/06/2026 20:24:39;YAPE;;;
;VTA-0000679;DFF-0000000051;UTILES;CARTULINA CANSON NEGRA;1;1.4;1.4;7/06/2026 20:24:39;YAPE;;;
;VTA-0000679;DFF-0000000054;UTILES;CARTULINA CANSON VERDE HOJA;1;1.2;1.2;7/06/2026 20:24:39;YAPE;;;
;VTA-0000679;DFF-0000000030;UTILES;CARTULINA BLANCA;1;1;1;7/06/2026 20:24:39;YAPE;;;
;VTA-0000679;HOJA-COLORES;UTILES;HOJA DE COLORES;2;0.25;0.5;7/06/2026 20:24:39;YAPE;;;
;VTA-0000679;DFF-0000000052;UTILES;CARTULINA CANSON AMARILLA;1;1.2;1.2;7/06/2026 20:24:39;YAPE;;;
;VTA-0000679;DFF-0000000080;UTILES;CARTULINA A4;2;0.5;1;7/06/2026 20:24:39;YAPE;;;
;VTA-0000679;DFF-0000000147;UTILES;MICROPOROSO ECARCHADO A4 ROJO CON LETRAS;1;2;2;7/06/2026 20:24:39;YAPE;;;
;VTA-0000680;7754111024259;UTILES;GOMA EN BARRA MEDIANA FABERCASTELL;1;3;3;12/06/2026 23:07:57;EFECTIVO;;;
;VTA-0000681;DFF-0000000170;UTILES;CORBATA DE NIÑO AZULINO;1;3;3;12/06/2026 23:09:32;EFECTIVO;;;
;VTA-0000682;DFF-0000000143;UTILES;MICROPOROSO ESCARCHADO A4 ROJO;1;1.5;1.5;12/06/2026 23:23:25;YAPE;;;
;VTA-0000682;DFF-0000000146;UTILES;MICROPOROSO ESCARCHADO A4 AZUL;1;1.5;1.5;12/06/2026 23:23:25;YAPE;;;
;VTA-0000682;DFF-0000000198;UTILES;MICROPOROSO ESCARCHADO A4 BLANCO;1;1.5;1.5;12/06/2026 23:23:25;YAPE;;;
;VTA-0000683;DFF-0000000146;UTILES;MICROPOROSO ESCARCHADO A4 AZUL;1;1.5;1.5;12/06/2026 23:27:47;EFECTIVO;;;
;VTA-0000683;DFF-0000000143;UTILES;MICROPOROSO ESCARCHADO A4 ROJO;1;1.5;1.5;12/06/2026 23:27:47;EFECTIVO;;;
;VTA-0000683;DFF-0000000198;UTILES;MICROPOROSO ESCARCHADO A4 BLANCO;1;1.5;1.5;12/06/2026 23:27:47;EFECTIVO;;;
;VTA-0000683;7754807720137;UTILES;SILICONA LIQUIDA PEQUEÑA VINIFAN 30 ML;1;2.3;2.3;12/06/2026 23:27:47;EFECTIVO;;;
;VTA-0000684;DFF-COP-A4BN;FOTOCOPIADORA;FOTOCOPIA A4 A BLANCO Y NEGRO;2;0.1;0.2;12/06/2026 23:28:10;EFECTIVO;;;
;VTA-0000685;DFF-COP-A4BN;FOTOCOPIADORA;FOTOCOPIA A4 A BLANCO Y NEGRO;80;0.08;6.4;12/06/2026 23:29:22;EFECTIVO;;;
;VTA-0000686;DFF-0000000199;UTILES;ALGODÓN;1;1.5;1.5;12/06/2026 23:32:35;EFECTIVO;;;
;VTA-0000687;DFF-COP-A4BN;FOTOCOPIADORA;FOTOCOPIA A4 A BLANCO Y NEGRO;34;0.08;2.7;12/06/2026 23:34:16;EFECTIVO;;;
;VTA-0000688;DFF-0000000080;UTILES;CARTULINA A4;1;0.5;0.5;12/06/2026 23:35:18;YAPE;;;
;VTA-0000688;PAPEL-BOND;UTILES;HOJA BOND A4 ATLAS;2;0.1;0.2;12/06/2026 23:35:18;YAPE;;;
;VTA-0000689;DFF-0000000188;UTILES;GUANTE BLANCO GRANDE;1;3;3;12/06/2026 23:35:55;EFECTIVO;;;
;VTA-0000690;DFF-0000000188;UTILES;GUANTE BLANCO GRANDE;1;3;3;12/06/2026 23:36:17;YAPE;;;
;VTA-0000691;DFF-0000000188;UTILES;GUANTE BLANCO GRANDE;1;3;3;12/06/2026 23:37:16;YAPE;;;
;VTA-0000692;7754111002905;UTILES;PLUMONES DELGADOS FABERCASTELL;1;8;8;12/06/2026 23:39:47;EFECTIVO;;;
;VTA-0000692;DFF-0000000080;UTILES;CARTULINA A4;1;0.5;0.5;12/06/2026 23:39:47;EFECTIVO;;;
;VTA-0000692;PAPEL-BOND;UTILES;HOJA BOND A4 ATLAS;2;0.1;0.2;12/06/2026 23:39:47;EFECTIVO;;;
;VTA-0000693;DFF-0000000080;UTILES;CARTULINA A4;1;0.5;0.5;12/06/2026 23:40:42;EFECTIVO;;;
;VTA-0000693;7754807720137;UTILES;SILICONA LIQUIDA PEQUEÑA VINIFAN 30 ML;1;2;2;12/06/2026 23:40:42;EFECTIVO;;;
;VTA-0000693;3013017958285;UTILES;TIJERAS ECONOMICAS YIMI;1;1.5;1.5;12/06/2026 23:40:42;EFECTIVO;;;
;VTA-0000694;DFF-IMP-A4CL;FOTOCOPIADORA;IMPRESION A4 A COLOR;1;1;1;12/06/2026 23:43:17;EFECTIVO;;;
;VTA-0000695;DFF-COP-A4BN;FOTOCOPIADORA;FOTOCOPIA A4 A BLANCO Y NEGRO;56;0.08;4.5;12/06/2026 23:44:38;EFECTIVO;;;
;VTA-0000696;DFF-COP-A4BN;FOTOCOPIADORA;FOTOCOPIA A4 A BLANCO Y NEGRO;54;0.08;4.3;12/06/2026 23:44:59;EFECTIVO;;;
;VTA-0000697;DFF-IMP-A4CL;FOTOCOPIADORA;IMPRESION A4 A COLOR;8;1;8;12/06/2026 23:49:44;EFECTIVO;;;
;VTA-0000698;DFF-IMP-A4CL;FOTOCOPIADORA;IMPRESION A4 A COLOR;2;1;2;12/06/2026 23:50:24;YAPE;;;
;VTA-0000698;DFF-IMP-A4BN;FOTOCOPIADORA;IMPRESION A4 BLANCO Y NEGRO;1;0.5;0.5;12/06/2026 23:50:24;YAPE;;;
;VTA-0000699;DFF-IMP-A3BN;FOTOCOPIADORA;IMPRESION A3 BLANCO Y NEGRO;6;1;6;12/06/2026 23:51:54;EFECTIVO;;;
;VTA-0000699;DFF-COP-A4BN;FOTOCOPIADORA;FOTOCOPIA A4 A BLANCO Y NEGRO;6;0.1;0.6;12/06/2026 23:51:54;EFECTIVO;;;
;VTA-0000700;7754807080279;UTILES;MICA A4 VINIFAN;1;1;1;12/06/2026 23:52:34;EFECTIVO;;;
;VTA-0000700;DFF-0000000195;UTILES;SOBRE MANILA A4;2;1;2;12/06/2026 23:52:34;EFECTIVO;;;
;VTA-0000701;7750822012370;UTILES;CUADERNO STANDFORD CUADRICULADO A4 SIN STICKER;1;7;7;12/06/2026 23:53:27;YAPE;;;
;VTA-0000702;DFF-0000000171;UTILES;CORBATA DE NIÑA AZULINO;1;3;3;13/06/2026 23:53:46;EFECTIVO;;;
;VTA-0000703;9555684605603;UTILES;BORRADOR GRANDE BLANCO FABERCASTELL;1;1.5;1.5;13/06/2026 23:54:57;YAPE;;;
;VTA-0000704;DFF-0000000076;UTILES;TEMPERA APU;1;2;2;13/06/2026 23:55:32;YAPE;;;
;VTA-0000705;DFF-0000000143;UTILES;MICROPOROSO ESCARCHADO A4 ROJO;1;1.5;1.5;13/06/2026 23:56:49;EFECTIVO;;;
;VTA-0000705;DFF-0000000144;UTILES;MICROPOROSO ESCARCHADO A4 BLANCO;1;1.5;1.5;13/06/2026 23:56:49;EFECTIVO;;;
;VTA-0000705;DFF-0000000146;UTILES;MICROPOROSO ESCARCHADO A4 AZUL;1;1.5;1.5;13/06/2026 23:56:49;EFECTIVO;;;
;VTA-0000706;7754111024273;UTILES;GOMA EN BARRA GRANDE FABERCASTELL;1;5;5;13/06/2026 23:57:22;EFECTIVO;;;
;VTA-0000706;DFF-0000000080;UTILES;CARTULINA A4;1;0.5;0.5;13/06/2026 23:57:22;EFECTIVO;;;
;VTA-0000707;DFF-0000000143;UTILES;MICROPOROSO ESCARCHADO A4 ROJO;1;1.5;1.5;14/06/2026 0:00:00;YAPE;;;
;VTA-0000707;DFF-0000000144;UTILES;MICROPOROSO ESCARCHADO A4 BLANCO;1;1.5;1.5;14/06/2026 0:00:00;YAPE;;;
;VTA-0000707;DFF-0000000146;UTILES;MICROPOROSO ESCARCHADO A4 AZUL;1;1.5;1.5;14/06/2026 0:00:00;YAPE;;;
;VTA-0000707;7754807720137;UTILES;SILICONA LIQUIDA PEQUEÑA VINIFAN 30 ML;1;2;2;14/06/2026 0:00:00;YAPE;;;
;VTA-0000707;PAPEL-BOND;UTILES;HOJA BOND A4 ATLAS;3;0.1;0.3;14/06/2026 0:00:00;YAPE;;;
;VTA-0000708;DFF-0000000143;UTILES;MICROPOROSO ESCARCHADO A4 ROJO;1;1.5;1.5;14/06/2026 0:04:01;EFECTIVO;;;
;VTA-0000708;DFF-0000000146;UTILES;MICROPOROSO ESCARCHADO A4 AZUL;1;1.5;1.5;14/06/2026 0:04:01;EFECTIVO;;;
;VTA-0000708;DFF-0000000144;UTILES;MICROPOROSO ESCARCHADO A4 BLANCO;1;1.5;1.5;14/06/2026 0:04:01;EFECTIVO;;;
;VTA-0000709;DFF-COP-A4BN;FOTOCOPIADORA;FOTOCOPIA A4 A BLANCO Y NEGRO;54;0.08;4.3;14/06/2026 0:05:54;YAPE;;;
;VTA-0000710;DFF-COP-A4BN;FOTOCOPIADORA;FOTOCOPIA A4 A BLANCO Y NEGRO;32;0.08;2.6;14/06/2026 0:07:02;EFECTIVO;;;
;VTA-0000711;2050000251009;UTILES;LUPA DE VIDRIO OVE;1;7.5;7.5;14/06/2026 0:07:29;EFECTIVO;;;
;VTA-0000712;DFF-IMP-A4BN;FOTOCOPIADORA;IMPRESION A4 BLANCO Y NEGRO;35;0.5;17.5;14/06/2026 0:08:36;EFECTIVO;;;
;VTA-0000713;DFF-COP-DNICL;FOTOCOPIADORA;FOTOCOPIA DNI A COLOR;1;0.5;0.5;14/06/2026 0:09:36;EFECTIVO;;;
;VTA-0000714;DFF-0000000195;UTILES;SOBRE MANILA A4;1;1;1;14/06/2026 0:09:56;EFECTIVO;;;
;VTA-0000715;DFF-0000000080;UTILES;CARTULINA A4;1;0.5;0.5;14/06/2026 0:10:26;YAPE;;;
;VTA-0000715;PAPEL-BOND;UTILES;HOJA BOND A4 ATLAS;5;0.1;0.5;14/06/2026 0:10:26;YAPE;;;
;VTA-0000716;DFF-0000000080;UTILES;CARTULINA A4;1;0.5;0.5;14/06/2026 0:10:53;YAPE;;;
;VTA-0000717;7750082006140;UTILES;SILICONA LIQUIDA MEDIANA ARTESCO 100ML;1;4;4;14/06/2026 0:11:59;EFECTIVO;;;
;VTA-0000718;DFF-0000000080;UTILES;CARTULINA A4;2;0.5;1;14/06/2026 0:12:41;EFECTIVO;;;
;VTA-0000718;7754807720137;UTILES;SILICONA LIQUIDA PEQUEÑA VINIFAN 30 ML;1;2;2;14/06/2026 0:12:41;EFECTIVO;;;
;VTA-0000719;DFF-COP-A4BN;FOTOCOPIADORA;FOTOCOPIA A4 A BLANCO Y NEGRO;2;0.1;0.2;14/06/2026 0:13:01;EFECTIVO;;;
;VTA-0000720;DFF-COP-A4BN;FOTOCOPIADORA;FOTOCOPIA A4 A BLANCO Y NEGRO;44;0.08;3.5;14/06/2026 0:13:26;EFECTIVO;;;
;VTA-0000721;DFF-COP-A4BN;FOTOCOPIADORA;FOTOCOPIA A4 A BLANCO Y NEGRO;38;0.08;3;14/06/2026 0:14:04;EFECTIVO;;;
;VTA-0000722;DFF-IMP-A4CL;FOTOCOPIADORA;IMPRESION A4 A COLOR;2;1;2;14/06/2026 0:14:31;EFECTIVO;;;
;VTA-0000723;DFF-COP-A4BN;FOTOCOPIADORA;FOTOCOPIA A4 A BLANCO Y NEGRO;3;0.1;0.3;14/06/2026 0:14:41;EFECTIVO;;;
;VTA-0000724;DFF-0000000132;UTILES;PALITOS DE CHUPETE SIN COLOR;1;1.5;1.5;14/06/2026 0:15:20;EFECTIVO;;;
;VTA-0000725;7750822012844;UTILES;CUADERNO STANDFORD TRIPLE RENGLON SOMBREADO A4 SIN STICKER;1;7;7;14/06/2026 0:16:04;EFECTIVO;;;
;VTA-0000726;DFF-IMP-FOTOCL;FOTOCOPIADORA;IMPRESION PAPEL FOTO A COLOR;1;2;2;14/06/2026 0:16:25;EFECTIVO;;;
;VTA-0000727;DFF-IMP-A3CL;FOTOCOPIADORA;IMPRESION A3 A COLOR;7;2;14;14/06/2026 0:17:46;YAPE;;;
;VTA-0000727;DFF-IMP-A4CL;FOTOCOPIADORA;IMPRESION A4 A COLOR;1;1;1;14/06/2026 0:17:46;YAPE;;;
;VTA-0000728;7750082006140;UTILES;SILICONA LIQUIDA MEDIANA ARTESCO 100ML;1;4;4;14/06/2026 0:19:24;YAPE;;;
;VTA-0000729;DFF-0000000080;UTILES;CARTULINA A4;1;0.5;0.5;14/06/2026 0:19:38;EFECTIVO;;;
;VTA-0000730;7754807720137;UTILES;SILICONA LIQUIDA PEQUEÑA VINIFAN 30 ML;1;2;2;14/06/2026 0:19:59;EFECTIVO;;;
;VTA-0000731;7750082006140;UTILES;SILICONA LIQUIDA MEDIANA ARTESCO 100ML;1;4;4;14/06/2026 0:20:21;YAPE;;;
;VTA-0000732;DFF-COP-A4BN;FOTOCOPIADORA;FOTOCOPIA A4 A BLANCO Y NEGRO;13;0.1;1.3;14/06/2026 0:20:42;EFECTIVO;;;
;VTA-0000733;2050000594175;UTILES;CINTA EMBALAJE YIMI;1;4;4;14/06/2026 0:21:14;EFECTIVO;;;
;VTA-0000734;7750082010000;UTILES;SET DE PLUMONES GUESOS ARTESCO;1;9;9;14/06/2026 0:23:23;EFECTIVO;;;
;VTA-0000734;7750082002623;UTILES;PLASTILINA JUMBO ARTESCO;1;6;6;14/06/2026 0:23:23;EFECTIVO;;;
;VTA-0000735;DFF-0000000188;UTILES;GUANTE BLANCO GRANDE;1;3;3;14/06/2026 21:18:51;YAPE;;;
;VTA-0000736;DFF-0000000188;UTILES;GUANTE BLANCO GRANDE;1;3;3;14/06/2026 21:21:46;YAPE;;;
;VTA-0000737;DFF-0000000188;UTILES;GUANTE BLANCO GRANDE;1;3;3;14/06/2026 21:22:10;YAPE;;;
;VTA-0000738;DFF-0000000188;UTILES;GUANTE BLANCO GRANDE;1;3;3;14/06/2026 21:22:35;YAPE;;;
;VTA-0000739;DFF-IMP-FOTOCL;FOTOCOPIADORA;IMPRESION PAPEL FOTO A COLOR;1;2;2;14/06/2026 21:23:58;EFECTIVO;;;
;VTA-0000740;DFF-COP-A4BN;FOTOCOPIADORA;FOTOCOPIA A4 A BLANCO Y NEGRO;210;0.08;16.8;14/06/2026 21:24:35;YAPE;;;
;VTA-0000741;DFF-0000000073;UTILES;PAPELOTE CUADRICULADO;1;0.6;0.6;15/06/2026 10:14:05;EFECTIVO;;;
;VTA-0000741;2050000398704;UTILES;LAPICERO OVE ECONOMICO NEGRO;1;1;1;15/06/2026 10:14:05;EFECTIVO;;;
;VTA-0000742;DFF-0000000073;UTILES;PAPELOTE CUADRICULADO;1;0.6;0.6;15/06/2026 10:14:34;EFECTIVO;;;
;VTA-0000743;DFF-0000000170;UTILES;CORBATA DE NIÑO AZULINO;1;3;3;15/06/2026 10:14:54;YAPE;;;
;VTA-0000744;7750822012844;UTILES;CUADERNO STANDFORD TRIPLE RENGLON SOMBREADO A4 SIN STICKER;1;6.5;6.5;15/06/2026 10:16:28;YAPE;;;
;VTA-0000745;DFF-COP-A4BN;FOTOCOPIADORA;FOTOCOPIA A4 A BLANCO Y NEGRO;88;0.08;7;15/06/2026 10:19:57;EFECTIVO;;;
;VTA-0000746;DFF-0000000174;UTILES;PABILO PEQUEÑO;1;0.8;0.8;15/06/2026 10:20:25;EFECTIVO;;;
;VTA-0000747;7750082003712;UTILES;LIMPIATIPOS ARTESCO;1;3;3;15/06/2026 10:20:50;EFECTIVO;;;
;VTA-0000748;DFF-COP-A4BN;FOTOCOPIADORA;FOTOCOPIA A4 A BLANCO Y NEGRO;70;0.08;5.6;15/06/2026 10:21:20;EFECTIVO;;;
;VTA-0000749;77505200;UTILES;TEMPERA SUELTA MARRON DAVID;1;1.5;1.5;15/06/2026 10:24:38;EFECTIVO;;;
;VTA-0000750;6901234567908;UTILES;CUTER;1;2;2;15/06/2026 10:25:47;EFECTIVO;;;
;VTA-0000751;DFF-0000000158;UTILES;PAPEL CRAFT;6;0.5;3;15/06/2026 10:27:23;EFECTIVO;;;
;VTA-0000751;2050000117152;UTILES;CINTA EMBALAJE ECONOMICA YIMI;1;1.5;1.5;15/06/2026 10:27:23;EFECTIVO;;;
;VTA-0000752;DFF-0000000171;UTILES;CORBATA DE NIÑA AZULINO;1;3;3;16/06/2026 0:00:00;YAPE;;;
;VTA-0000753;DFF-0000000171;UTILES;CORBATA DE NIÑA AZULINO;1;3;3;16/06/2026 0:00:00;EFECTIVO;;;
;VTA-0000754;7754111024259;UTILES;GOMA EN BARRA MEDIANA FABERCASTELL;1;3;3;16/06/2026 0:00:00;EFECTIVO;;;
;VTA-0000755;7754111019477;UTILES;LAPIZ FABERCASTELL 2B;1;1;1;16/06/2026 0:00:00;YAPE;;;
;VTA-0000756;7750082006140;UTILES;SILICONA LIQUIDA MEDIANA ARTESCO 100ML;1;4;4;16/06/2026 0:00:00;YAPE;;;
;VTA-0000757;7750822985223;UTILES;CUADERNO STANDFORD TRIPLEMAX A4 SIN STICKER;1;6.5;6.5;17/06/2026 0:00:00;YAPE;;;
;VTA-0000757;7750082006133;UTILES;SILICONA LIQUIDA PEQUEÑA ARTESCO 30ML;1;2;2;17/06/2026 0:00:00;YAPE;;;
;VTA-0000758;7750082062610;UTILES;BORRADOR ARTESCO BROCHA;1;3.5;3.5;17/06/2026 0:00:00;YAPE;;;
;VTA-0000759;DFF-0000000173;UTILES;PABILO GRANDE;1;1.5;1.5;17/06/2026 0:00:00;EFECTIVO;;;
;VTA-0000760;7750082003392;UTILES;GOMA LIQUIDA ARTESCO PEQUEÑO;1;2.5;2.5;17/06/2026 0:00:00;EFECTIVO;;;
;VTA-0000760;DFF-0000000092;UTILES;PINCEL NUMERO 10;1;2;2;17/06/2026 0:00:00;EFECTIVO;;;
;VTA-0000760;DFF-0000000200;UTILES;GLOBO TRADICIONAL;2;0.2;0.4;17/06/2026 0:00:00;EFECTIVO;;;
;VTA-0000761;DFF-0000000157;UTILES;PALIGLOBOS;12;0.2;2.4;17/06/2026 0:00:00;EFECTIVO;;;
;VTA-0000762;7750082001237;UTILES;LAPIZ JUMBO ARTESCO;1;2;2;17/06/2026 0:00:00;EFECTIVO;;;
;VTA-0000762;DFF-0000000200;UTILES;GLOBO TRADICIONAL;4;0.2;0.8;17/06/2026 0:00:00;EFECTIVO;;;
;VTA-0000763;DFF-COP-A4BN;FOTOCOPIADORA;FOTOCOPIA A4 A BLANCO Y NEGRO;20;0.08;1.6;17/06/2026 0:00:00;EFECTIVO;;;
;VTA-0000764;DFF-0000000133;UTILES;BAJA LENGUA SIN COLOR;3;2;6;17/06/2026 0:00:00;EFECTIVO;;;
;VTA-0000765;DFF-0000000133;UTILES;BAJA LENGUA SIN COLOR;5;2;10;17/06/2026 0:00:00;YAPE;;;
;VTA-0000766;DFF-COP-A4BN;FOTOCOPIADORA;FOTOCOPIA A4 A BLANCO Y NEGRO;49;0.08;3.9;17/06/2026 0:00:00;EFECTIVO;;;
;VTA-0000767;DFF-COP-A4BN;FOTOCOPIADORA;FOTOCOPIA A4 A BLANCO Y NEGRO;28;0.08;2.2;17/06/2026 0:00:00;EFECTIVO;;;
;VTA-0000768;DFF-IMP-A4CL;FOTOCOPIADORA;IMPRESION A4 A COLOR;2;1;2;17/06/2026 0:00:00;EFECTIVO;;;
;VTA-0000769;DFF-COP-A4BN;FOTOCOPIADORA;FOTOCOPIA A4 A BLANCO Y NEGRO;10;0.1;1;17/06/2026 0:00:00;EFECTIVO;;;
;VTA-0000770;DFF-COP-A4CL;FOTOCOPIADORA;FOTOCOPIA A4 A COLOR;1;0.5;0.5;17/06/2026 0:00:00;EFECTIVO;;;
;VTA-0000771;DFF-0000000059;UTILES;CARTULINA CANSON AZULINO;2;1.2;2.4;17/06/2026 0:00:00;YAPE;;;
;VTA-0000772;7755354016070;UTILES;CUADERNO ALPHA 1X1 A4;1;6;6;17/06/2026 0:00:00;EFECTIVO;;;
;VTA-0000773;DFF-0000000073;UTILES;PAPELOTE CUADRICULADO;1;0.6;0.6;17/06/2026 0:00:00;EFECTIVO;;;
;VTA-0000774;7750082003408;UTILES;GOMA LÍQUIDA ARTESCO GRANDE;1;5;5;18/06/2026 0:00:00;EFECTIVO;;;
;VTA-0000775;DFF-0000000059;UTILES;CARTULINA CANSON AZULINO;1;1.2;1.2;18/06/2026 0:00:00;YAPE;;;
;VTA-0000776;2050000398704;UTILES;LAPICERO OVE ECONOMICO NEGRO;1;1;1;18/06/2026 0:00:00;EFECTIVO;;;
;VTA-0000777;DFF-0000000157;UTILES;PALIGLOBOS;4;0.2;0.8;18/06/2026 0:00:00;EFECTIVO;;;
;VTA-0000778;DFF-0000000059;UTILES;CARTULINA CANSON AZULINO;1;1.2;1.2;18/06/2026 0:00:00;EFECTIVO;;;
;VTA-0000779;DFF-0000000059;UTILES;CARTULINA CANSON AZULINO;2;1.2;2.4;18/06/2026 0:00:00;YAPE;;;
;VTA-0000780;DFF-0000000201;UTILES;FLAUTA;1;5;5;18/06/2026 0:00:00;EFECTIVO;;;
;VTA-0000781;DFF-COP-A4BN;FOTOCOPIADORA;FOTOCOPIA A4 A BLANCO Y NEGRO;70;0.08;5.6;18/06/2026 0:00:00;EFECTIVO;;;
;VTA-0000782;DFF-0000000076;UTILES;TEMPERA APU;2;2;4;18/06/2026 0:00:00;EFECTIVO;;;
;VTA-0000783;DFF-COP-DNICL;FOTOCOPIADORA;FOTOCOPIA DNI A COLOR;1;0.5;0.5;18/06/2026 0:00:00;EFECTIVO;;;
;VTA-0000784;DFF-0000000059;UTILES;CARTULINA CANSON AZULINO;1;1.2;1.2;18/06/2026 0:00:00;EFECTIVO;;;
;VTA-0000785;7750822985223;UTILES;CUADERNO STANDFORD TRIPLEMAX A4 SIN STICKER;1;6.5;6.5;18/06/2026 0:00:00;YAPE;;;
;VTA-0000785;DFF-LAMINA;UTILES;LAMINAS A4;2;1;2;18/06/2026 0:00:00;YAPE;;;
;VTA-0000786;DFF-COP-A4BN;FOTOCOPIADORA;FOTOCOPIA A4 A BLANCO Y NEGRO;1;0.1;0.1;18/06/2026 0:00:00;EFECTIVO;;;
;VTA-0000787;DFF-0000000173;UTILES;PABILO GRANDE;1;1.5;1.5;18/06/2026 0:00:00;EFECTIVO;;;
;VTA-0000788;DFF-0000000176;UTILES;MICROPOROSO ADHESIVO ESCARCHADO ROJO PLANCHA;2;4;8;18/06/2026 0:00:00;EFECTIVO;;;
;VTA-0000789;PAPEL-BOND;UTILES;HOJA BOND A4 ATLAS;2;0.1;0.2;19/06/2026 0:00:00;YAPE;;;
;VTA-0000789;DFF-0000000171;UTILES;CORBATA DE NIÑA AZULINO;1;3;3;19/06/2026 0:00:00;YAPE;;;
;VTA-0000790;DFF-0000000080;UTILES;CARTULINA A4;1;0.5;0.5;19/06/2026 0:00:00;YAPE;;;
;VTA-0000791;DFF-0000000059;UTILES;CARTULINA CANSON AZULINO;1;1.2;1.2;19/06/2026 0:00:00;EFECTIVO;;;
;VTA-0000791;PAPEL-BOND;UTILES;HOJA BOND A4 ATLAS;2;0.1;0.2;19/06/2026 0:00:00;EFECTIVO;;;
;VTA-0000792;DFF-0000000080;UTILES;CARTULINA A4;1;0.5;0.5;19/06/2026 0:00:00;YAPE;;;
;VTA-0000793;PAPEL-BOND;UTILES;HOJA BOND A4 ATLAS;2;0.1;0.2;19/06/2026 0:00:00;EFECTIVO;;;
;VTA-0000793;DFF-0000000080;UTILES;CARTULINA A4;1;0.5;0.5;19/06/2026 0:00:00;EFECTIVO;;;
;VTA-0000794;DFF-COP-A4BN;FOTOCOPIADORA;FOTOCOPIA A4 A BLANCO Y NEGRO;2;0.1;0.2;19/06/2026 0:00:00;EFECTIVO;;;
;VTA-0000795;DFF-IMP-A3CL;FOTOCOPIADORA;IMPRESION A3 A COLOR;1;2;2;19/06/2026 0:00:00;EFECTIVO;;;
;VTA-0000795;DFF-IMP-FOTOCL;FOTOCOPIADORA;IMPRESION PAPEL FOTO A COLOR;1;2;2;19/06/2026 0:00:00;EFECTIVO;;;
;VTA-0000796;7750082003392;UTILES;GOMA LIQUIDA ARTESCO PEQUEÑO;1;2;2;20/06/2026 0:00:00;EFECTIVO;;;
;VTA-0000796;DFF-0000000080;UTILES;CARTULINA A4;1;0.5;0.5;20/06/2026 0:00:00;EFECTIVO;;;
;VTA-0000796;PAPEL-BOND;UTILES;HOJA BOND A4 ATLAS;2;0.1;0.2;20/06/2026 0:00:00;EFECTIVO;;;
;VTA-0000797;DFF-IMP-A4CL;FOTOCOPIADORA;IMPRESION A4 A COLOR;1;1;1;20/06/2026 0:00:00;EFECTIVO;;;
;VTA-0000798;DFF-COP-A4BN;FOTOCOPIADORA;FOTOCOPIA A4 A BLANCO Y NEGRO;2;0.1;0.2;20/06/2026 0:00:00;EFECTIVO;;;
;VTA-0000799;DFF-IMP-FOTOCL;FOTOCOPIADORA;IMPRESION PAPEL FOTO A COLOR;2;2;4;20/06/2026 0:00:00;YAPE;;;
;VTA-0000800;7750082002623;UTILES;PLASTILINA JUMBO ARTESCO;1;5.5;5.5;20/06/2026 0:00:00;YAPE;;;
;VTA-0000801;DFF-COP-A4BN;FOTOCOPIADORA;FOTOCOPIA A4 A BLANCO Y NEGRO;308;0.08;24.6;20/06/2026 0:00:00;YAPE;;;
;VTA-0000802;DFF-0000000202;UTILES;PALO DE BRIGADIER DE MADERA;1;6;6;21/06/2026 0:00:00;EFECTIVO;;;
;VTA-0000803;DFF-0000000170;UTILES;CORBATA DE NIÑO AZULINO;1;3;3;21/06/2026 0:00:00;EFECTIVO;;;
;VTA-0000804;2050000398674;UTILES;LAPICERO OVE ECONOMICO AZUL;1;1;1;21/06/2026 0:00:00;EFECTIVO;;;
;VTA-0000804;2050000398704;UTILES;LAPICERO OVE ECONOMICO NEGRO;1;1;1;21/06/2026 0:00:00;EFECTIVO;;;
;VTA-0000805;DFF-IMP-A4CL;FOTOCOPIADORA;IMPRESION A4 A COLOR;2;1;2;21/06/2026 0:00:00;YAPE;;;
;VTA-0000806;DFF-0000000201;UTILES;FLAUTA;2;5;10;21/06/2026 0:00:00;EFECTIVO;;;
;VTA-0000807;DFF-COP-A4BN;FOTOCOPIADORA;FOTOCOPIA A4 A BLANCO Y NEGRO;20;0.08;1.6;21/06/2026 0:00:00;YAPE;;;
;VTA-0000808;DFF-COP-A4BN;FOTOCOPIADORA;FOTOCOPIA A4 A BLANCO Y NEGRO;91;0.08;7.3;21/06/2026 0:00:00;EFECTIVO;;;
;VTA-0000809;DFF-IMP-A4BN;FOTOCOPIADORA;IMPRESION A4 BLANCO Y NEGRO;8;0.5;4;21/06/2026 0:00:00;YAPE;;;
;VTA-0000810;DFF-COP-DNICL;FOTOCOPIADORA;FOTOCOPIA DNI A COLOR;3;0.5;1.5;21/06/2026 0:00:00;YAPE;;;
;VTA-0000811;7750805001377;UTILES;CARTULINA DUPLEX 100X70CM;2;2;4;21/06/2026 0:00:00;EFECTIVO;;;
;VTA-0000812;DFF-COP-A4BN;FOTOCOPIADORA;FOTOCOPIA A4 A BLANCO Y NEGRO;111;0.08;8.9;21/06/2026 0:00:00;EFECTIVO;;;
;VTA-0000813;DFF-COP-A4BN;FOTOCOPIADORA;FOTOCOPIA A4 A BLANCO Y NEGRO;62;0.08;5;21/06/2026 0:00:00;YAPE;;;
;VTA-0000814;7750082002623;UTILES;PLASTILINA JUMBO ARTESCO;1;5.5;5.5;23/06/2026 0:00:00;YAPE;;;
;VTA-0000815;DFF-0000000201;UTILES;FLAUTA;1;5;5;23/06/2026 0:00:00;EFECTIVO;;;
;VTA-0000816;DFF-0000000201;UTILES;FLAUTA;1;5;5;23/06/2026 0:00:00;EFECTIVO;;;
;VTA-0000817;7750805001377;UTILES;CARTULINA DUPLEX 100X70CM;2;2.5;5;23/06/2026 0:00:00;YAPE;;;
;VTA-0000818;DFF-COP-A4BN;FOTOCOPIADORA;FOTOCOPIA A4 A BLANCO Y NEGRO;65;0.08;5.2;23/06/2026 0:00:00;EFECTIVO;;;
;VTA-0000819;DFF-COP-A4BN;FOTOCOPIADORA;FOTOCOPIA A4 A BLANCO Y NEGRO;57;0.08;4.6;23/06/2026 0:00:00;EFECTIVO;;;
;VTA-0000820;7750822012844;UTILES;CUADERNO STANDFORD TRIPLE RENGLON SOMBREADO A4 SIN STICKER;1;7;7;23/06/2026 0:00:00;YAPE;;;
;VTA-0000821;9555684605573;UTILES;BORRADOR GRANDE NEGRO FABERCASTELL;1;1.5;1.5;23/06/2026 0:00:00;EFECTIVO;;;
;VTA-0000822;PAPEL-BOND;UTILES;HOJA BOND A4 ATLAS;10;0.1;1;23/06/2026 0:00:00;EFECTIVO;;;
;VTA-0000823;DFF-IMP-FOTOCL;FOTOCOPIADORA;IMPRESION PAPEL FOTO A COLOR;4;2;8;24/06/2026 0:00:00;EFECTIVO;;;
;VTA-0000824;7750822012844;UTILES;CUADERNO STANDFORD TRIPLE RENGLON SOMBREADO A4 SIN STICKER;1;6.5;6.5;24/06/2026 0:00:00;YAPE;;;
;VTA-0000825;DFF-0000000101;UTILES;HOJA DE COLOR NEGRO;2;0.2;0.4;24/06/2026 0:00:00;EFECTIVO;;;
;VTA-0000825;DFF-0000000102;UTILES;HOJA DE COLOR AZUL;1;0.2;0.2;24/06/2026 0:00:00;EFECTIVO;;;
;VTA-0000825;PAPEL-BOND;UTILES;HOJA BOND A4 ATLAS;2;0.1;0.2;24/06/2026 0:00:00;EFECTIVO;;;
;VTA-0000826;7750082003736;UTILES;GOMA LÍQUIDA ARTESCO MEDIANA;1;2.5;2.5;24/06/2026 0:00:00;YAPE;;;
;VTA-0000826;DFF-0000000200;UTILES;GLOBO TRADICIONAL;2;0.25;0.5;24/06/2026 0:00:00;YAPE;;;
;VTA-0000827;2050000398674;UTILES;LAPICERO OVE ECONOMICO AZUL;1;1;1;24/06/2026 0:00:00;EFECTIVO;;;
;VTA-0000828;DFF-COP-A4BN;FOTOCOPIADORA;FOTOCOPIA A4 A BLANCO Y NEGRO;34;0.08;2.7;24/06/2026 0:00:00;EFECTIVO;;;
;VTA-0000829;DFF-COP-A4CL;FOTOCOPIADORA;FOTOCOPIA A4 A COLOR;2;0.5;1;24/06/2026 0:00:00;YAPE;;;
;VTA-0000830;DFF-0000000051;UTILES;CARTULINA CANSON NEGRA;2;1.5;3;25/06/2026 0:00:00;EFECTIVO;;;
;VTA-0000831;DFF-0000000203;UTILES;FLAUTA DULCE;1;8;8;25/06/2026 0:00:00;YAPE;;;
;VTA-0000832;DFF-0000000204;UTILES;GUANTE BLANCO DE TELA PEQUEÑO;1;2.5;2.5;25/06/2026 0:00:00;YAPE;;;
;VTA-0000833;DFF-0000000188;UTILES;GUANTE BLANCO GRANDE;1;3;3;25/06/2026 0:00:00;EFECTIVO;;;
;VTA-0000834;DFF-COP-A4BN;FOTOCOPIADORA;FOTOCOPIA A4 A BLANCO Y NEGRO;34;0.08;2.7;25/06/2026 0:00:00;EFECTIVO;;;
;VTA-0000835;DFF-0000000188;UTILES;GUANTE BLANCO GRANDE;1;3;3;27/06/2026 0:00:00;EFECTIVO;;;
;VTA-0000836;DFF-0000000205;UTILES;CORREA DE BRIGADIER;1;2;2;27/06/2026 0:00:00;EFECTIVO;;;
;VTA-0000836;DFF-0000000188;UTILES;GUANTE BLANCO GRANDE;2;3;6;27/06/2026 0:00:00;EFECTIVO;;;
;VTA-0000837;DFF-0000000188;UTILES;GUANTE BLANCO GRANDE;1;3;3;27/06/2026 0:00:00;EFECTIVO;;;
;VTA-0000838;7750082005570;UTILES;CAJA DE CHINCHE DORADO ARTESCO;1;2.5;2.5;27/06/2026 0:00:00;EFECTIVO;;;
;VTA-0000839;DFF-0000000188;UTILES;GUANTE BLANCO GRANDE;1;3;3;27/06/2026 0:00:00;EFECTIVO;;;
;VTA-0000840;DFF-0000000188;UTILES;GUANTE BLANCO GRANDE;1;3;3;27/06/2026 0:00:00;EFECTIVO;;;
;VTA-0000841;DFF-0000000188;UTILES;GUANTE BLANCO GRANDE;1;3;3;27/06/2026 0:00:00;YAPE;;;
;VTA-0000842;DFF-0000000188;UTILES;GUANTE BLANCO GRANDE;1;3;3;27/06/2026 0:00:00;YAPE;;;
;VTA-0000843;DFF-0000000205;UTILES;CORREA DE BRIGADIER;1;5;5;27/06/2026 0:00:00;YAPE;;;
;VTA-0000844;DFF-0000000188;UTILES;GUANTE BLANCO GRANDE;2;3;6;27/06/2026 0:00:00;YAPE;;;
;VTA-0000845;DFF-0000000188;UTILES;GUANTE BLANCO GRANDE;1;3;3;27/06/2026 0:00:00;EFECTIVO;;;
;VTA-0000846;DFF-0000000188;UTILES;GUANTE BLANCO GRANDE;1;3;3;27/06/2026 0:00:00;YAPE;;;
;VTA-0000847;DFF-0000000205;UTILES;CORREA DE BRIGADIER Y POLICIA;1;5;5;27/06/2026 0:00:00;YAPE;;;
;VTA-0000847;DFF-0000000131;UTILES;SUPER BLUE;1;1;1;27/06/2026 0:00:00;YAPE;;;
;VTA-0000848;DFF-0000000188;UTILES;GUANTE BLANCO GRANDE;1;3;3;27/06/2026 0:00:00;YAPE;;;
;VTA-0000849;DFF-0000000188;UTILES;GUANTE BLANCO GRANDE;1;3;3;27/06/2026 0:00:00;EFECTIVO;;;
;VTA-0000850;DFF-COP-A4BN;FOTOCOPIADORA;FOTOCOPIA A4 A BLANCO Y NEGRO;180;0.08;14.4;28/06/2026 0:00:00;EFECTIVO;;;
;VTA-0000851;DFF-COP-A4BN;FOTOCOPIADORA;FOTOCOPIA A4 A BLANCO Y NEGRO;10;0.1;1;28/06/2026 0:00:00;EFECTIVO;;;
;VTA-0000852;DFF-IMP-A4BN;FOTOCOPIADORA;IMPRESION A4 BLANCO Y NEGRO;7;0.5;3.5;30/06/2026 0:00:00;YAPE;;;
;VTA-0000853;DFF-COP-A4BN;FOTOCOPIADORA;FOTOCOPIA A4 A BLANCO Y NEGRO;40;0.08;3.2;30/06/2026 0:00:00;EFECTIVO;;;
;VTA-0000854;DFF-0000000073;UTILES;PAPELOTE CUADRICULADO;1;0.6;0.6;30/06/2026 0:00:00;EFECTIVO;;;
;VTA-0000855;DFF-0000000210;UTILES;OJOS MOVILES;6;0.25;1.5;1/07/2026 13:11:10;EFECTIVO;;;
;VTA-0000856;DFF-0000000211;UTILES;GUANTES DE LATEX;8;0.5;4;1/07/2026 13:11:10;EFECTIVO;;;
;VTA-0000857;7750082003736;UTILES;GOMA LÍQUIDA ARTESCO MEDIANA;1;2;2;1/07/2026 13:11:10;EFECTIVO;;;
;VTA-0000858;DFF-0000000213;UTILES;ESCARAPELA DE METAL;1;1;1;1/07/2026 13:11:10;EFECTIVO;;;
;VTA-0000859;DFF-0000000213;UTILES;ESCARAPELA DE METAL;1;1;1;1/07/2026 13:11:10;EFECTIVO;;;
;VTA-0000860;DFF-0000000210;UTILES;OJOS MOVILES;8;0.25;2;1/07/2026 13:11:10;EFECTIVO;;;
;VTA-0000861;DFF-0000000213;UTILES;ESCARAPELA DE METAL;1;1;1;1/07/2026 13:11:10;YAPE;;;
;VTA-0000861;DFF-0000000171;UTILES;CORBATA DE NIÑA AZULINO;1;3;3;1/07/2026 13:11:10;YAPE;;;
;VTA-0000862;DFF-0000000212;UTILES;ESCARAPELA TELA;1;0.5;0.5;1/07/2026 13:11:10;EFECTIVO;;;
;VTA-0000863;DFF-0000000212;UTILES;ESCARAPELA TELA;1;0.5;0.5;1/07/2026 13:11:10;YAPE;;;
;VTA-0000864;DFF-0000000212;UTILES;ESCARAPELA TELA;1;0.5;0.5;1/07/2026 13:11:10;EFECTIVO;;;
;VTA-0000865;DFF-0000000212;UTILES;ESCARAPELA TELA;1;0.5;0.5;1/07/2026 13:11:10;EFECTIVO;;;
;VTA-0000866;DFF-0000000212;UTILES;ESCARAPELA TELA;2;0.5;1;1/07/2026 13:11:10;EFECTIVO;;;
;VTA-0000867;DFF-0000000212;UTILES;ESCARAPELA TELA;1;0.5;0.5;1/07/2026 13:11:10;YAPE;;;
;VTA-0000868;DFF-0000000212;UTILES;ESCARAPELA TELA;2;0.5;1;1/07/2026 13:11:10;EFECTIVO;;;
;VTA-0000869;DFF-0000000212;UTILES;ESCARAPELA TELA;1;0.5;0.5;1/07/2026 13:11:10;EFECTIVO;;;
;VTA-0000870;DFF-0000000213;UTILES;ESCARAPELA DE METAL;2;1;2;1/07/2026 13:11:10;EFECTIVO;;;
;VTA-0000871;DFF-COP-A4BN;FOTOCOPIADORA;FOTOCOPIA A4 A BLANCO Y NEGRO;24;0.08;1.9;1/07/2026 13:11:10;EFECTIVO;;;
;VTA-0000872;DFF-COP-A4BN;FOTOCOPIADORA;FOTOCOPIA A4 A BLANCO Y NEGRO;39;0.08;3.1;1/07/2026 13:11:10;EFECTIVO;;;
;VTA-0000873;DFF-0000000212;UTILES;ESCARAPELA TELA;1;0.5;0.5;1/07/2026 13:11:10;EFECTIVO;;;
;VTA-0000874;7750082002623;UTILES;PLASTILINA JUMBO ARTESCO;1;5.5;5.5;1/07/2026 13:11:10;YAPE;;;
;VTA-0000875;DFF-0000000212;UTILES;ESCARAPELA TELA;1;0.5;0.5;1/07/2026 13:11:10;YAPE;;;
;VTA-0000876;DFF-0000000212;UTILES;ESCARAPELA TELA;1;0.5;0.5;2/07/2026 13:11:10;EFECTIVO;;;
;VTA-0000877;DFF-0000000203;UTILES;FLAUTA DULCE;1;8;8;2/07/2026 13:11:10;YAPE;;;
;VTA-0000878;DFF-0000000212;UTILES;ESCARAPELA TELA;1;0.5;0.5;2/07/2026 13:11:10;EFECTIVO;;;
;VTA-0000879;DFF-0000000203;UTILES;FLAUTA DULCE;1;8;8;2/07/2026 13:11:10;YAPE;;;
;VTA-0000880;DFF-0000000212;UTILES;ESCARAPELA TELA;1;0.5;0.5;2/07/2026 13:11:10;YAPE;;;
;VTA-0000881;DFF-0000000171;UTILES;CORBATA DE NIÑA AZULINO;1;3;3;2/07/2026 13:11:10;EFECTIVO;;;
;VTA-0000882;DFF-0000000213;UTILES;ESCARAPELA DE METAL;2;1;2;2/07/2026 13:11:10;EFECTIVO;;;
;VTA-0000883;7750082208865;UTILES;CORRECTOR ARTESCO;1;3;3;2/07/2026 13:11:10;EFECTIVO;;;
;VTA-0000884;DFF-0000000213;UTILES;ESCARAPELA DE METAL;1;1;1;3/07/2026 13:11:10;EFECTIVO;;;
;VTA-0000885;DFF-0000000213;UTILES;ESCARAPELA DE METAL;1;1;1;3/07/2026 13:11:10;EFECTIVO;;;
;VTA-0000886;DFF-0000000212;UTILES;ESCARAPELA TELA;2;0.5;1;3/07/2026 13:11:10;EFECTIVO;;;
;VTA-0000887;9555684605634;UTILES;BORRADOR PEQUEÑO BLANCO FABERCASTELL;1;1;1;3/07/2026 13:11:10;EFECTIVO;;;
;VTA-0000888;DFF-0000000214;UTILES;GLOBO PENCIL;2;0.2;0.4;3/07/2026 13:11:10;EFECTIVO;;;
;VTA-0000889;DFF-IMP-A4CL;FOTOCOPIADORA;IMPRESION A4 A COLOR;1;1;1;3/07/2026 13:11:10;EFECTIVO;;;
;VTA-0000890;DFF-0000000212;UTILES;ESCARAPELA TELA;2;0.5;1;3/07/2026 13:11:10;YAPE;;;
;VTA-0000891;DFF-IMP-FOTOCL;FOTOCOPIADORA;IMPRESION PAPEL FOTO A COLOR;6;2;12;3/07/2026 13:11:10;YAPE;;;
;VTA-0000891;DFF-IMP-A4BN;FOTOCOPIADORA;IMPRESION A4 BLANCO Y NEGRO;1;0.5;0.5;3/07/2026 13:11:10;YAPE;;;
;VTA-0000892;DFF-COP-A4BN;FOTOCOPIADORA;FOTOCOPIA A4 A BLANCO Y NEGRO;36;0.08;2.9;3/07/2026 13:11:10;EFECTIVO;;;
;VTA-0000893;7754111532013;UTILES;LAPICERO FABERCASTEL TRULUX 032 ECONOMICO AZUL;2;1;2;3/07/2026 13:11:10;EFECTIVO;;;
;VTA-0000894;DFF-0000000212;UTILES;ESCARAPELA TELA;2;0.5;1;3/07/2026 13:11:10;YAPE;;;
;VTA-0000895;DFF-COP-A4BN;FOTOCOPIADORA;FOTOCOPIA A4 A BLANCO Y NEGRO;40;0.08;3.2;3/07/2026 13:11:10;EFECTIVO;;;
;VTA-0000896;DFF-COP-A4BN;FOTOCOPIADORA;FOTOCOPIA A4 A BLANCO Y NEGRO;10;0.1;1;3/07/2026 13:11:10;EFECTIVO;;;
;VTA-0000897;DFF-COP-A4BN;FOTOCOPIADORA;FOTOCOPIA A4 A BLANCO Y NEGRO;5;0.1;0.5;3/07/2026 13:11:10;EFECTIVO;;;
;VTA-0000898;DFF-COP-A4BN;FOTOCOPIADORA;FOTOCOPIA A4 A BLANCO Y NEGRO;24;0.1;2.4;3/07/2026 13:11:10;YAPE;;;
;VTA-0000899;DFF-0000000212;UTILES;ESCARAPELA TELA;1;0.5;0.5;7/07/2026 0:00:00;EFECTIVO;;;
;VTA-0000900;DFF-0000000212;UTILES;ESCARAPELA TELA;1;0.5;0.5;7/07/2026 0:00:00;EFECTIVO;;;
;VTA-0000900;7750082006133;UTILES;SILICONA LIQUIDA PEQUEÑA ARTESCO 30ML;1;2;2;7/07/2026 0:00:00;EFECTIVO;;;
;VTA-0000901;DFF-0000000212;UTILES;ESCARAPELA TELA;1;0.5;0.5;7/07/2026 0:00:00;EFECTIVO;;;
;VTA-0000902;DFF-IMP-A4BN;FOTOCOPIADORA;IMPRESION A4 BLANCO Y NEGRO;6;0.5;3;7/07/2026 0:00:00;YAPE;;;
;VTA-0000903;DFF-0000000215;UTILES;PAPEL LUSTRE ROJO;5;0.5;2.5;7/07/2026 0:00:00;YAPE;;;
;VTA-0000904;DFF-0000000213;UTILES;ESCARAPELA DE METAL;1;1;1;7/07/2026 0:00:00;EFECTIVO;;;
;VTA-0000905;DFF-COP-A4BN;FOTOCOPIADORA;FOTOCOPIA A4 A BLANCO Y NEGRO;62;0.08;5;7/07/2026 0:00:00;EFECTIVO;;;
;VTA-0000906;7750082003422;UTILES;LAPIZ 2B ARTESCO;1;1;1;7/07/2026 0:00:00;EFECTIVO;;;
;VTA-0000906;7750082003606;UTILES;CHEQUEO ROJO ARTESCO;1;1;1;7/07/2026 0:00:00;EFECTIVO;;;
;VTA-0000906;9555684605603;UTILES;BORRADOR GRANDE BLANCO FABERCASTELL;1;1.5;1.5;7/07/2026 0:00:00;EFECTIVO;;;
;VTA-0000907;DFF-COP-A4BN;FOTOCOPIADORA;FOTOCOPIA A4 A BLANCO Y NEGRO;36;0.08;2.9;7/07/2026 0:00:00;EFECTIVO;;;
;VTA-0000908;DFF-COP-A4BN;FOTOCOPIADORA;FOTOCOPIA A4 A BLANCO Y NEGRO;60;0.08;4.8;7/07/2026 0:00:00;EFECTIVO;;;
;VTA-0000909;DFF-COP-A4BN;FOTOCOPIADORA;FOTOCOPIA A4 A BLANCO Y NEGRO;10;0.1;1;7/07/2026 0:00:00;EFECTIVO;;;
;VTA-0000910;DFF-IMP-A4CL;FOTOCOPIADORA;IMPRESION A4 A COLOR;16;1;16;7/07/2026 0:00:00;YAPE;;;
;VTA-0000911;9555684605603;UTILES;BORRADOR GRANDE BLANCO FABERCASTELL;1;1.5;1.5;8/07/2026 0:00:00;EFECTIVO;;;
;VTA-0000912;DFF-0000000212;UTILES;ESCARAPELA TELA;1;0.5;0.5;8/07/2026 0:00:00;EFECTIVO;;;
;VTA-0000913;7754111019477;UTILES;LAPIZ FABERCASTELL 2B;1;1;1;8/07/2026 0:00:00;EFECTIVO;;;
;VTA-0000913;PAPEL-BOND;UTILES;HOJA BOND A4 ATLAS;1;0.1;0.1;8/07/2026 0:00:00;EFECTIVO;;;
;VTA-0000913;DFF-0000000216;UTILES;SOBRE DE CARTA BLANCO;2;0.2;0.4;8/07/2026 0:00:00;EFECTIVO;;;
;VTA-0000914;DFF-0000000133;UTILES;BAJA LENGUA SIN COLOR;1;2;2;8/07/2026 0:00:00;EFECTIVO;;;
;VTA-0000915;DFF-0000000216;UTILES;SOBRE DE CARTA BLANCO;2;0.2;0.4;8/07/2026 0:00:00;EFECTIVO;;;
;VTA-0000916;DFF-0000000093;UTILES;PINCEL NUMERO 9;1;2;2;8/07/2026 0:00:00;EFECTIVO;;;
;VTA-0000917;7750082003392;UTILES;GOMA LIQUIDA ARTESCO PEQUEÑO;1;2.5;2.5;8/07/2026 0:00:00;EFECTIVO;;;
;VTA-0000918;DFF-COP-A4BN;FOTOCOPIADORA;FOTOCOPIA A4 A BLANCO Y NEGRO;40;0.08;3.2;8/07/2026 0:00:00;EFECTIVO;;;
;VTA-0000919;DFF-COP-A4BN;FOTOCOPIADORA;FOTOCOPIA A4 A BLANCO Y NEGRO;60;0.08;4.8;8/07/2026 0:00:00;EFECTIVO;;;
;VTA-0000920;DFF-0000000195;UTILES;SOBRE MANILA A4;1;1;1;8/07/2026 0:00:00;YAPE;;;
;VTA-0000921;6901234567908;UTILES;CUTER;1;2;2;9/07/2026 0:00:00;EFECTIVO;;;
;VTA-0000922;7754111024259;UTILES;GOMA EN BARRA MEDIANA FABERCASTELL;1;3;3;9/07/2026 0:00:00;EFECTIVO;;;
;VTA-0000923;DFF-0000000170;UTILES;CORBATA DE NIÑO AZULINO;1;3;3;9/07/2026 0:00:00;EFECTIVO;;;
;VTA-0000924;DFF-0000000200;UTILES;GLOBO TRADICIONAL;2;0.2;0.4;9/07/2026 0:00:00;EFECTIVO;;;
;VTA-0000925;DFF-0000000212;UTILES;ESCARAPELA TELA;1;0.5;0.5;9/07/2026 0:00:00;EFECTIVO;;;
;VTA-0000926;DFF-0000000203;UTILES;FLAUTA DULCE;1;8;8;9/07/2026 0:00:00;EFECTIVO;;;
;VTA-0000927;7754807790925;UTILES;TAJADOR VINIFAN DOBLE PUNTA;1;2.5;2.5;9/07/2026 0:00:00;YAPE;;;
;VTA-0000928;DFF-COP-A4BN;FOTOCOPIADORA;FOTOCOPIA A4 A BLANCO Y NEGRO;55;0.08;4.4;9/07/2026 0:00:00;EFECTIVO;;;
;VTA-0000929;DFF-COP-A4BN;FOTOCOPIADORA;FOTOCOPIA A4 A BLANCO Y NEGRO;34;0.08;2.7;9/07/2026 0:00:00;EFECTIVO;;;
;VTA-0000930;DFF-COP-A4BN;FOTOCOPIADORA;FOTOCOPIA A4 A BLANCO Y NEGRO;60;0.08;4.8;9/07/2026 0:00:00;EFECTIVO;;;
;VTA-0000931;7754807720151;UTILES;SILICONA LIQUIDA GRANDE VINIFAN 250 ML;1;8;8;9/07/2026 0:00:00;YAPE;;;
;VTA-0000932;7754807790925;UTILES;TAJADOR VINIFAN DOBLE PUNTA;1;2.5;2.5;10/07/2026 0:00:00;EFECTIVO;;;
;VTA-0000932;7750082003422;UTILES;LAPIZ 2B ARTESCO;1;1;1;10/07/2026 0:00:00;EFECTIVO;;;
;VTA-0000933;7750082002098;UTILES;LAPIZ BICOLOR ARTESCO;1;1;1;10/07/2026 0:00:00;EFECTIVO;;;
;VTA-0000934;DFF-0000000216;UTILES;SOBRE DE CARTA BLANCO;1;0.2;0.2;10/07/2026 0:00:00;EFECTIVO;;;
;VTA-0000935;DFF-COP-A4BN;FOTOCOPIADORA;FOTOCOPIA A4 A BLANCO Y NEGRO;50;0.08;4;10/07/2026 0:00:00;EFECTIVO;;;
;VTA-0000936;DFF-COP-A4BN;FOTOCOPIADORA;FOTOCOPIA A4 A BLANCO Y NEGRO;47;0.08;3.8;10/07/2026 0:00:00;EFECTIVO;;;
;VTA-0000937;DFF-IMP-A4BN;FOTOCOPIADORA;IMPRESION A4 BLANCO Y NEGRO;10;0.5;5;10/07/2026 0:00:00;EFECTIVO;;;
;VTA-0000937;DFF-IMP-A4CL;FOTOCOPIADORA;IMPRESION A4 A COLOR;16;1;16;10/07/2026 0:00:00;EFECTIVO;;;
;VTA-0000937;DFF-COP-A4BN;FOTOCOPIADORA;FOTOCOPIA A4 A BLANCO Y NEGRO;8;0.1;0.8;10/07/2026 0:00:00;EFECTIVO;;;
;VTA-0000938;DFF-COP-A4BN;FOTOCOPIADORA;FOTOCOPIA A4 A BLANCO Y NEGRO;18;0.1;1.8;10/07/2026 0:00:00;EFECTIVO;;;
;VTA-0000939;DFF-COP-A4BN;FOTOCOPIADORA;FOTOCOPIA A4 A BLANCO Y NEGRO;240;0.08;19.2;12/07/2026 0:00:00;EFECTIVO;;;
